3524,3524,3524,3524,3524,3524,3524,3524,3524,3524,3524,3524,3524,3524,3524,3524,3524,3524,3524,3524,3524,3524,3524,3524,3541,3595,3684,3684,3684,3684,3684,3770,3770,3770,3770,3770,3774,3774,3774,3774,3851,3851,3851,3851,3851,3851,3861,3908,3908,3908,3908,3908,3908,3918,3918,3918,3918,3918,3918,3918,3918,3918,3918,3918,3918,3918,3918,3918,3918,3918,3918,3918,3918,3918,3918,3918,3918,3918,3918,3918,3918,3918,3918,3918,3918,3918,3918,3918,3918,3918,3918,3918,3918,3918,3918,3918,3918,3918,3918,3918,3918,3918,3918,3918,3918,3918,3918,3918,3918,3918,3918,3918,3918,3918,3918,3918,3918,3918,3918,3918,3918,3918,3918,3918,3918,3918,3918,3918,3918,3918,3918,3918,3918,3918,3918,3918,3918,3918,3918,3918,3918,3918,3918,3918,3918,3918,3918,3918,3918,3918,
3816,3816,3816,3816,3816,3816,3816,3816,3816,3816,3816,3816,3816,3816,3816,3816,3816,3816,3816,3816,3816,3816,3816,3816,3816,3816,3816,3816,3816,3816,3816,3816,3816,3816,3816,3816,3816,3816,3816,3816,3816,3816,3816,3816,3816,3816,3816,3816,3816,3816,3816,3816,3816,3816,3816,3816,3816,3816,3816,3816,3816,3816,3816,3816,3816,3816,3816,3816,3816,3816,3816,3816,3816,3816,3816,3816,3816,3816,3816,3816,3816,3816,3816,3816,3816,3816,3816,3816,3816,3816,3816,3816,3816,3816,3816,3816,3816,3816,3816,3816,3816,3816,3816,3816,3816,3816,3816,3816,3816,3816,3816,3816,3816,3816,3816,3816,3816,3816,3816,3816,3816,3816,3816,3816,3816,3816,3816,3816,3816,3816,3816,3816,3816,3816,3816,3816,3816,3816,3816,3816,3816,3816,3816,3816,3816,3816,3816,3816,3816,3816,
4246,4246,4246,4246,4246,4246,4246,4246,4246,4246,4246,4246,4246,4246,4246,4246,4246,4246,4246,4246,4246,4246,4246,4246,4246,4247,4247,4247,4247,4277,4287,4363,4472,4472,4555,4555,4555,4555,4555,4555,4555,4555,4555,4555,4555,4555,4555,4555,4555,4555,4555,4555,4555,4555,4555,4555,4555,4555,4555,4555,4555,4555,4555,4555,4555,4555,4555,4555,4555,4555,4555,4555,4555,4555,4555,4555,4555,4555,4555,4555,4555,4555,4555,4555,4555,4555,4555,4555,4555,4555,4555,4555,4555,4555,4555,4555,4555,4555,4555,4555,4555,4555,4555,4555,4555,4555,4555,4555,4555,4555,4555,4555,4555,4555,4555,4555,4555,4555,4555,4555,4555,4555,4555,4555,4555,4555,4555,4555,4555,4555,4555,4555,4555,4555,4555,4555,4555,4555,4555,4555,4555,4555,4555,4555,4555,4555,4555,4555,4555,4555,
4521,4521,4521,4521,4521,4521,4521,4521,4521,4521,4521,4521,4521,4521,4521,4521,4521,4521,4521,4521,4521,4521,4521,4521,4521,4521,4521,4521,4521,4521,4521,4521,4521,4521,4521,4521,4521,4521,4521,4521,4521,4521,4521,4521,4521,4521,4521,4521,4521,4521,4521,4521,4521,4521,4521,4521,4521,4521,4521,4521,4521,4521,4521,4521,4521,4521,4521,4521,4521,4521,4521,4521,4521,4521,4521,4521,4521,4521,4521,4521,4521,4521,4521,4521,4521,4521,4521,4521,4521,4521,4521,4521,4521,4521,4521,4521,4521,4521,4521,4521,4521,4521,4521,4521,4521,4521,4521,4521,4521,4521,4521,4521,4521,4521,4521,4521,4521,4521,4521,4521,4521,4521,4521,4521,4521,4521,4521,4521,4521,4521,4521,4521,4521,4521,4521,4521,4521,4521,4521,4521,4521,4521,4521,4521,4521,4521,4521,4521,4521,4521,
4366,4366,4366,4366,4366,4366,4366,4366,4366,4366,4366,4366,4366,4366,4366,4366,4366,4366,4366,4366,4366,4366,4366,4366,4366,4461,4461,4461,4461,4461,4461,4531,4531,4531,4531,4531,4610,4671,4671,4671,4671,4671,4671,4671,4671,4671,4671,4671,4671,4671,4671,4671,4671,4671,4671,4671,4671,4671,4671,4671,4671,4671,4671,4671,4671,4671,4671,4671,4671,4671,4671,4671,4671,4671,4671,4671,4671,4671,4671,4671,4671,4671,4671,4671,4671,4671,4671,4671,4671,4671,4671,4671,4671,4671,4671,4671,4671,4671,4671,4671,4671,4671,4671,4671,4671,4671,4671,4671,4671,4671,4671,4671,4671,4671,4671,4671,4671,4671,4671,4671,4671,4671,4671,4671,4671,4671,4671,4671,4671,4671,4671,4671,4671,4671,4671,4671,4671,4671,4671,4671,4671,4671,4671,4671,4671,4671,4671,4671,4671,4671,
3323,3323,3323,3323,3369,3369,3369,3369,3369,3369,3369,3369,3369,3369,3369,3369,3369,3369,3369,3369,3369,3369,3369,3369,3369,3369,3369,3369,3369,3369,3369,3369,3369,3369,3369,3369,3369,3369,3369,3369,3369,3369,3369,3369,3369,3369,3369,3369,3369,3369,3369,3369,3369,3369,3369,3369,3369,3369,3369,3369,3369,3369,3369,3369,3369,3369,3369,3369,3369,3369,3369,3369,3369,3369,3369,3369,3369,3369,3369,3369,3369,3369,3369,3369,3369,3369,3369,3369,3369,3369,3369,3369,3369,3369,3369,3369,3369,3369,3369,3369,3369,3369,3369,3369,3369,3369,3369,3369,3369,3369,3369,3369,3369,3369,3369,3369,3369,3369,3369,3369,3369,3369,3369,3369,3369,3369,3369,3369,3369,3369,3369,3369,3369,3369,3369,3369,3369,3369,3369,3369,3369,3369,3369,3369,3369,3369,3369,3369,3369,3369,
3972,3972,3972,3972,3972,3972,3972,3972,3972,3972,3972,3972,3972,3972,3972,3972,3972,3972,3972,3972,3972,3972,3972,3972,3972,3972,3972,3972,3972,3972,3972,3972,3972,3972,3972,3972,3972,3972,3972,3972,3972,3972,3972,3972,3972,3972,3972,3972,3972,3972,3972,3972,3972,3972,3972,3972,3972,3972,3972,3972,3972,3972,3972,3972,3972,3972,3972,3972,3972,3972,3972,3972,3972,3972,3972,3972,3972,3972,3972,3972,3972,3972,3972,3972,3972,3972,3972,3972,3972,3972,3972,3972,3972,3972,3972,3972,3972,3972,3972,3972,3972,3972,3972,3972,3972,3972,3972,3972,3972,3972,3972,3972,3972,3972,3972,3972,3972,3972,3972,3972,3972,3972,3972,3972,3972,3972,3972,3972,3972,3972,3972,3972,3972,3972,3972,3972,3972,3972,3972,3972,3972,3972,3972,3972,3972,3972,3972,3972,3972,3972,
4142,4142,4142,4142,4142,4142,4142,4142,4142,4142,4142,4142,4142,4142,4142,4142,4142,4142,4142,4142,4142,4142,4142,4142,4142,4142,4142,4142,4142,4142,4142,4142,4142,4142,4142,4142,4142,4142,4142,4142,4142,4142,4142,4142,4142,4142,4142,4142,4142,4142,4142,4142,4142,4142,4142,4142,4142,4142,4142,4142,4142,4142,4142,4142,4142,4142,4142,4142,4142,4142,4142,4142,4142,4142,4142,4142,4142,4142,4142,4142,4142,4142,4142,4142,4142,4142,4142,4142,4142,4142,4142,4142,4142,4142,4142,4142,4142,4142,4142,4142,4142,4142,4142,4142,4142,4142,4142,4142,4142,4142,4142,4142,4142,4142,4142,4142,4142,4142,4142,4142,4142,4142,4142,4142,4142,4142,4142,4142,4142,4142,4142,4142,4142,4142,4142,4142,4142,4142,4142,4142,4142,4142,4142,4142,4142,4142,4142,4142,4142,4142,
3917,3917,3917,3917,3917,3917,3917,3917,3917,3917,3917,3917,3917,3930,3930,3936,3951,3951,3988,4034,4074,4074,4074,4111,4171,4171,4171,4171,4177,4177,4177,4177,4177,4177,4177,4177,4177,4177,4177,4177,4177,4177,4177,4177,4177,4177,4177,4177,4177,4177,4177,4177,4177,4177,4177,4177,4177,4177,4177,4177,4177,4177,4177,4177,4177,4177,4177,4177,4177,4177,4177,4177,4177,4177,4177,4177,4177,4177,4177,4177,4177,4177,4177,4177,4177,4177,4177,4177,4177,4177,4177,4177,4177,4177,4177,4177,4177,4177,4177,4177,4177,4177,4177,4177,4177,4177,4177,4177,4177,4177,4177,4177,4177,4177,4177,4177,4177,4177,4177,4177,4177,4177,4177,4177,4177,4177,4177,4177,4177,4177,4177,4177,4177,4177,4177,4177,4177,4177,4177,4177,4177,4177,4177,4177,4177,4177,4177,4177,4177,4177,
3350,3350,3350,3350,3350,3350,3350,3350,3350,3350,3350,3350,3350,3350,3350,3350,3350,3350,3350,3350,3350,3350,3350,3350,3350,3350,3350,3350,3350,3350,3350,3350,3350,3350,3350,3350,3350,3350,3350,3350,3350,3350,3350,3350,3350,3350,3350,3350,3350,3350,3350,3350,3350,3350,3350,3350,3350,3350,3350,3350,3350,3350,3350,3350,3350,3350,3350,3350,3350,3350,3350,3350,3350,3350,3350,3350,3350,3350,3350,3350,3350,3350,3350,3350,3350,3350,3350,3350,3350,3350,3350,3350,3350,3350,3350,3350,3350,3350,3350,3350,3350,3350,3350,3350,3350,3350,3350,3350,3350,3350,3350,3350,3350,3350,3350,3350,3350,3350,3350,3350,3350,3350,3350,3350,3350,3350,3350,3350,3350,3350,3350,3350,3350,3350,3350,3350,3350,3350,3350,3350,3350,3350,3350,3350,3350,3350,3350,3350,3350,3350,
3783,3783,3783,3783,3783,3783,3783,3783,3783,3783,3783,3783,3783,3783,3783,3783,3827,3827,3827,3827,3827,3827,3827,4001,4001,4001,4002,4064,4064,4064,4095,4172,4172,4172,4173,4266,4267,4267,4267,4267,4267,4267,4267,4267,4267,4267,4267,4267,4267,4267,4267,4267,4267,4267,4267,4267,4267,4267,4267,4267,4267,4267,4267,4267,4267,4267,4267,4267,4267,4267,4267,4267,4267,4267,4267,4267,4267,4267,4267,4267,4267,4267,4267,4267,4267,4267,4267,4267,4267,4267,4267,4267,4267,4267,4267,4267,4267,4267,4267,4267,4267,4267,4267,4267,4267,4267,4267,4267,4267,4267,4267,4267,4267,4267,4267,4267,4267,4267,4267,4267,4267,4267,4267,4267,4267,4267,4267,4267,4267,4267,4267,4267,4267,4267,4267,4267,4267,4267,4267,4267,4267,4267,4267,4267,4267,4267,4267,4267,4267,4267,
3842,3842,3842,3842,3842,3842,3842,3842,3842,3842,3842,3842,3842,3842,3842,3842,3842,3842,3907,3907,3907,3907,3907,3907,3907,3907,3936,3936,3936,3936,3974,3974,3977,4006,4006,4006,4006,4006,4044,4068,4068,4068,4068,4134,4134,4134,4134,4134,4134,4134,4134,4134,4134,4134,4134,4134,4134,4134,4134,4134,4134,4134,4134,4134,4134,4134,4134,4134,4134,4134,4134,4134,4134,4134,4134,4134,4134,4134,4134,4134,4134,4134,4134,4134,4134,4134,4134,4134,4134,4134,4134,4134,4134,4134,4134,4134,4134,4134,4134,4134,4134,4134,4134,4134,4134,4134,4134,4134,4134,4134,4134,4134,4134,4134,4134,4134,4134,4134,4134,4134,4134,4134,4134,4134,4134,4134,4134,4134,4134,4134,4134,4134,4134,4134,4134,4134,4134,4134,4134,4134,4134,4134,4134,4134,4134,4134,4134,4134,4134,4134,
3566,3566,3566,3566,3566,3566,3566,3566,3566,3566,3566,3566,3566,3566,3566,3566,3566,3566,3566,3566,3566,3566,3566,3566,3566,3566,3566,3566,3566,3566,3566,3566,3566,3566,3566,3566,3566,3566,3566,3566,3566,3566,3566,3566,3566,3566,3566,3566,3566,3566,3566,3566,3566,3566,3566,3566,3566,3566,3566,3566,3566,3566,3566,3566,3566,3566,3566,3566,3566,3566,3566,3566,3566,3566,3566,3566,3566,3566,3566,3566,3566,3566,3566,3566,3566,3566,3566,3566,3566,3566,3566,3566,3566,3566,3566,3566,3566,3566,3566,3566,3566,3566,3566,3566,3566,3566,3566,3566,3566,3566,3566,3566,3566,3566,3566,3566,3566,3566,3566,3566,3566,3566,3566,3566,3566,3566,3566,3566,3566,3566,3566,3566,3566,3566,3566,3566,3566,3566,3566,3566,3566,3566,3566,3566,3566,3566,3566,3566,3566,3566,
3234,3234,3234,3234,3234,3234,3234,3234,3234,3234,3234,3234,3234,3234,3234,3234,3234,3234,3234,3234,3234,3234,3234,3234,3234,3234,3234,3234,3234,3234,3234,3234,3248,3248,3354,3354,3354,3434,3434,3509,3553,3553,3553,3553,3553,3575,3575,3575,3575,3585,3589,3589,3589,3589,3599,3599,3599,3599,3599,3599,3599,3599,3599,3599,3599,3599,3599,3599,3599,3599,3599,3599,3599,3599,3599,3599,3599,3599,3599,3599,3599,3599,3599,3599,3599,3599,3599,3599,3599,3599,3599,3599,3599,3599,3599,3599,3599,3599,3599,3599,3599,3599,3599,3599,3599,3599,3599,3599,3599,3599,3599,3599,3599,3599,3599,3599,3599,3599,3599,3599,3599,3599,3599,3599,3599,3599,3599,3599,3599,3599,3599,3599,3599,3599,3599,3599,3599,3599,3599,3599,3599,3599,3599,3599,3599,3599,3599,3599,3599,3599,
3826,3826,3826,3826,3826,3826,3826,3826,3826,3826,3826,3826,3826,3826,3826,3826,3826,3826,3826,3826,3826,3826,3826,3826,3826,3826,3826,3826,3826,3826,3826,3826,3826,3826,3826,3826,3826,3826,3826,3826,3826,3826,3826,3826,3826,3826,3826,3826,3826,3826,3826,3826,3826,3826,3826,3826,3826,3826,3826,3826,3826,3826,3826,3826,3826,3826,3826,3826,3826,3826,3826,3826,3826,3826,3826,3826,3826,3826,3826,3826,3826,3826,3826,3826,3826,3826,3826,3826,3826,3826,3826,3826,3826,3826,3826,3826,3826,3826,3826,3826,3826,3826,3826,3826,3826,3826,3826,3826,3826,3826,3826,3826,3826,3826,3826,3826,3826,3826,3826,3826,3826,3826,3826,3826,3826,3826,3826,3826,3826,3826,3826,3826,3826,3826,3826,3826,3826,3826,3826,3826,3826,3826,3826,3826,3826,3826,3826,3826,3826,3826,
3837,3837,3837,3837,3837,3837,3837,3837,3837,3837,3837,3837,3837,3837,3837,3837,3837,3837,3837,3837,3837,3837,3837,3883,3883,3883,4015,4015,4015,4104,4125,4208,4208,4208,4208,4208,4208,4208,4208,4208,4208,4208,4208,4208,4208,4208,4208,4208,4208,4208,4208,4208,4208,4208,4208,4208,4208,4208,4208,4208,4208,4208,4208,4208,4208,4208,4208,4208,4208,4208,4208,4208,4208,4208,4208,4208,4208,4208,4208,4208,4208,4208,4208,4208,4208,4208,4208,4208,4208,4208,4208,4208,4208,4208,4208,4208,4208,4208,4208,4208,4208,4208,4208,4208,4208,4208,4208,4208,4208,4208,4208,4208,4208,4208,4208,4208,4208,4208,4208,4208,4208,4208,4208,4208,4208,4208,4208,4208,4208,4208,4208,4208,4208,4208,4208,4208,4208,4208,4208,4208,4208,4208,4208,4208,4208,4208,4208,4208,4208,4208,
4359,4359,4359,4359,4359,4359,4359,4359,4359,4359,4359,4359,4359,4359,4359,4359,4359,4359,4359,4359,4533,4533,4533,4533,4569,4577,4577,4613,4646,4646,4646,4646,4796,4796,4796,4796,4796,4811,4857,4890,4922,4922,4938,4938,4938,4938,4938,4938,4938,4938,4938,4938,4938,4938,4938,4938,4938,4938,4938,4938,4938,4938,4938,4938,4938,4938,4938,4938,4938,4938,4938,4938,4938,4938,4938,4938,4938,4938,4938,4938,4938,4938,4938,4938,4938,4938,4938,4938,4938,4938,4938,4938,4938,4938,4938,4938,4938,4938,4938,4938,4938,4938,4938,4938,4938,4938,4938,4938,4938,4938,4938,4938,4938,4938,4938,4938,4938,4938,4938,4938,4938,4938,4938,4938,4938,4938,4938,4938,4938,4938,4938,4938,4938,4938,4938,4938,4938,4938,4938,4938,4938,4938,4938,4938,4938,4938,4938,4938,4938,4938,
435,435,435,435,435,435,435,435,435,435,435,435,435,435,435,435,435,435,435,435,435,435,435,435,435,435,435,435,450,465,480,495,510,510,525,525,540,555,555,555,570,570,585,585,585,585,585,585,585,585,585,585,585,585,585,585,585,585,585,585,585,585,585,585,585,585,585,585,585,585,585,585,585,585,585,585,585,585,585,585,585,585,585,585,585,585,585,585,585,585,585,585,585,585,585,585,585,585,585,585,585,585,585,585,585,585,585,585,585,585,585,585,585,585,585,585,585,585,585,585,585,585,585,585,585,585,585,585,585,585,585,585,585,585,585,585,585,585,585,585,585,585,585,585,585,585,585,585,585,585,
4038,4038,4038,4038,4038,4038,4038,4038,4038,4038,4038,4038,4038,4038,4045,4184,4184,4255,4265,4286,4306,4457,4457,4457,4457,4457,4457,4457,4457,4457,4457,4457,4457,4457,4457,4457,4457,4457,4457,4457,4457,4457,4457,4457,4457,4457,4457,4457,4457,4457,4457,4457,4457,4457,4457,4457,4457,4457,4457,4457,4457,4457,4457,4457,4457,4457,4457,4457,4457,4457,4457,4457,4457,4457,4457,4457,4457,4457,4457,4457,4457,4457,4457,4457,4457,4457,4457,4457,4457,4457,4457,4457,4457,4457,4457,4457,4457,4457,4457,4457,4457,4457,4457,4457,4457,4457,4457,4457,4457,4457,4457,4457,4457,4457,4457,4457,4457,4457,4457,4457,4457,4457,4457,4457,4457,4457,4457,4457,4457,4457,4457,4457,4457,4457,4457,4457,4457,4457,4457,4457,4457,4457,4457,4457,4457,4457,4457,4457,4457,4457,
3774,3774,3774,3774,3774,3774,3774,3774,3774,3798,3798,3824,3824,3824,3830,3830,3902,3902,3902,3903,4026,4032,4032,4053,4063,4138,4176,4176,4176,4176,4176,4193,4193,4193,4193,4193,4193,4193,4193,4193,4193,4193,4193,4193,4193,4193,4193,4193,4193,4193,4193,4193,4193,4193,4193,4193,4193,4193,4193,4193,4193,4193,4193,4193,4193,4193,4193,4193,4193,4193,4193,4193,4193,4193,4193,4193,4193,4193,4193,4193,4193,4193,4193,4193,4193,4193,4193,4193,4193,4193,4193,4193,4193,4193,4193,4193,4193,4193,4193,4193,4193,4193,4193,4193,4193,4193,4193,4193,4193,4193,4193,4193,4193,4193,4193,4193,4193,4193,4193,4193,4193,4193,4193,4193,4193,4193,4193,4193,4193,4193,4193,4193,4193,4193,4193,4193,4193,4193,4193,4193,4193,4193,4193,4193,4193,4193,4193,4193,4193,4193,
3753,3753,3753,3863,3863,3951,4086,4086,4231,4231,4231,4231,4293,4293,4293,4293,4293,4293,4293,4293,4293,4293,4293,4293,4293,4293,4293,4293,4293,4293,4293,4293,4293,4293,4293,4293,4293,4293,4293,4293,4293,4293,4293,4293,4293,4293,4293,4293,4293,4293,4293,4293,4293,4293,4293,4293,4293,4293,4293,4293,4293,4293,4293,4293,4293,4293,4293,4293,4293,4293,4293,4293,4293,4293,4293,4293,4293,4293,4293,4293,4293,4293,4293,4293,4293,4293,4293,4293,4293,4293,4293,4293,4293,4293,4293,4293,4293,4293,4293,4293,4293,4293,4293,4293,4293,4293,4293,4293,4293,4293,4293,4293,4293,4293,4293,4293,4293,4293,4293,4293,4293,4293,4293,4293,4293,4293,4293,4293,4293,4293,4293,4293,4293,4293,4293,4293,4293,4293,4293,4293,4293,4293,4293,4293,4293,4293,4293,4293,4293,4293,
3829,3829,3829,3829,3829,3829,3829,3829,3829,3829,3829,3829,3829,3829,3829,3829,3829,3829,3829,3829,3829,3829,3829,3829,3829,3829,3829,3829,3829,3829,3829,3829,3829,3829,3829,3829,3829,3829,3829,3829,3829,3829,3829,3829,3829,3829,3829,3829,3829,3829,3829,3829,3829,3829,3829,3829,3829,3829,3829,3829,3829,3829,3829,3829,3829,3829,3829,3829,3829,3829,3829,3829,3829,3829,3829,3829,3829,3829,3829,3829,3829,3829,3829,3829,3829,3829,3829,3829,3829,3829,3829,3829,3829,3829,3829,3829,3829,3829,3829,3829,3829,3829,3829,3829,3829,3829,3829,3829,3829,3829,3829,3829,3829,3829,3829,3829,3829,3829,3829,3829,3829,3829,3829,3829,3829,3829,3829,3829,3829,3829,3829,3829,3829,3829,3829,3829,3829,3829,3829,3829,3829,3829,3829,3829,3829,3829,3829,3829,3829,3829,
3785,3785,3785,3785,3785,3785,3785,3889,3889,3976,3976,3976,3976,3976,3976,3976,3976,3976,3976,3976,3976,3976,3976,3976,3976,3976,3976,3976,3976,3976,3976,3976,3976,3976,3976,3976,3976,3976,3976,3976,3976,3976,3976,3976,3976,3976,3976,3976,3976,3976,3976,3976,3976,3976,3976,3976,3976,3976,3976,3976,3976,3976,3976,3976,3976,3976,3976,3976,3976,3976,3976,3976,3976,3976,3976,3976,3976,3976,3976,3976,3976,3976,3976,3976,3976,3976,3976,3976,3976,3976,3976,3976,3976,3976,3976,3976,3976,3976,3976,3976,3976,3976,3976,3976,3976,3976,3976,3976,3976,3976,3976,3976,3976,3976,3976,3976,3976,3976,3976,3976,3976,3976,3976,3976,3976,3976,3976,3976,3976,3976,3976,3976,3976,3976,3976,3976,3976,3976,3976,3976,3976,3976,3976,3976,3976,3976,3976,3976,3976,3976,
4069,4069,4069,4069,4069,4069,4069,4069,4069,4069,4069,4069,4069,4069,4069,4069,4134,4134,4134,4134,4134,4134,4134,4134,4281,4281,4281,4281,4281,4281,4281,4287,4287,4287,4287,4287,4287,4287,4287,4287,4287,4287,4287,4287,4287,4287,4287,4287,4287,4287,4287,4287,4287,4287,4287,4287,4287,4287,4287,4287,4287,4287,4287,4287,4287,4287,4287,4287,4287,4287,4287,4287,4287,4287,4287,4287,4287,4287,4287,4287,4287,4287,4287,4287,4287,4287,4287,4287,4287,4287,4287,4287,4287,4287,4287,4287,4287,4287,4287,4287,4287,4287,4287,4287,4287,4287,4287,4287,4287,4287,4287,4287,4287,4287,4287,4287,4287,4287,4287,4287,4287,4287,4287,4287,4287,4287,4287,4287,4287,4287,4287,4287,4287,4287,4287,4287,4287,4287,4287,4287,4287,4287,4287,4287,4287,4287,4287,4287,4287,4287,
3976,3976,3976,3976,3976,3976,3976,3976,3976,3976,3976,3976,3976,3976,3976,3976,3976,3976,3976,3976,3976,4061,4104,4186,4186,4186,4195,4207,4230,4269,4269,4269,4355,4356,4356,4437,4456,4471,4529,4621,4621,4621,4645,4645,4646,4646,4646,4646,4646,4646,4646,4646,4646,4646,4646,4646,4646,4646,4646,4646,4646,4646,4646,4646,4646,4646,4646,4646,4646,4646,4646,4646,4646,4646,4646,4646,4646,4646,4646,4646,4646,4646,4646,4646,4646,4646,4646,4646,4646,4646,4646,4646,4646,4646,4646,4646,4646,4646,4646,4646,4646,4646,4646,4646,4646,4646,4646,4646,4646,4646,4646,4646,4646,4646,4646,4646,4646,4646,4646,4646,4646,4646,4646,4646,4646,4646,4646,4646,4646,4646,4646,4646,4646,4646,4646,4646,4646,4646,4646,4646,4646,4646,4646,4646,4646,4646,4646,4646,4646,4646,
4271,4271,4271,4271,4271,4271,4271,4271,4278,4278,4278,4299,4305,4388,4388,4388,4388,4388,4422,4422,4422,4422,4422,4505,4512,4605,4605,4605,4736,4736,4736,4736,4736,4736,4736,4736,4736,4736,4736,4736,4736,4736,4736,4736,4736,4736,4736,4736,4736,4736,4736,4736,4736,4736,4736,4736,4736,4736,4736,4736,4736,4736,4736,4736,4736,4736,4736,4736,4736,4736,4736,4736,4736,4736,4736,4736,4736,4736,4736,4736,4736,4736,4736,4736,4736,4736,4736,4736,4736,4736,4736,4736,4736,4736,4736,4736,4736,4736,4736,4736,4736,4736,4736,4736,4736,4736,4736,4736,4736,4736,4736,4736,4736,4736,4736,4736,4736,4736,4736,4736,4736,4736,4736,4736,4736,4736,4736,4736,4736,4736,4736,4736,4736,4736,4736,4736,4736,4736,4736,4736,4736,4736,4736,4736,4736,4736,4736,4736,4736,4736,
4312,4312,4312,4312,4312,4312,4312,4312,4312,4312,4312,4312,4312,4312,4424,4424,4424,4424,4450,4450,4450,4450,4450,4450,4450,4450,4450,4450,4472,4558,4577,4577,4577,4582,4582,4614,4614,4800,4822,4822,4822,4822,4822,4822,4822,4822,4822,4822,4822,4822,4822,4822,4822,4822,4822,4822,4822,4822,4822,4822,4822,4822,4822,4822,4822,4822,4822,4822,4822,4822,4822,4822,4822,4822,4822,4822,4822,4822,4822,4822,4822,4822,4822,4822,4822,4822,4822,4822,4822,4822,4822,4822,4822,4822,4822,4822,4822,4822,4822,4822,4822,4822,4822,4822,4822,4822,4822,4822,4822,4822,4822,4822,4822,4822,4822,4822,4822,4822,4822,4822,4822,4822,4822,4822,4822,4822,4822,4822,4822,4822,4822,4822,4822,4822,4822,4822,4822,4822,4822,4822,4822,4822,4822,4822,4822,4822,4822,4822,4822,4822,
4226,4226,4226,4226,4226,4226,4226,4226,4226,4226,4226,4324,4324,4411,4411,4475,4584,4584,4584,4584,4597,4597,4597,4597,4597,4597,4600,4600,4600,4600,4600,4600,4600,4600,4600,4600,4600,4600,4600,4600,4600,4600,4600,4600,4600,4600,4600,4600,4600,4600,4600,4600,4600,4600,4600,4600,4600,4600,4600,4600,4600,4600,4600,4600,4600,4600,4600,4600,4600,4600,4600,4600,4600,4600,4600,4600,4600,4600,4600,4600,4600,4600,4600,4600,4600,4600,4600,4600,4600,4600,4600,4600,4600,4600,4600,4600,4600,4600,4600,4600,4600,4600,4600,4600,4600,4600,4600,4600,4600,4600,4600,4600,4600,4600,4600,4600,4600,4600,4600,4600,4600,4600,4600,4600,4600,4600,4600,4600,4600,4600,4600,4600,4600,4600,4600,4600,4600,4600,4600,4600,4600,4600,4600,4600,4600,4600,4600,4600,4600,4600,
4448,4448,4448,4448,4448,4448,4448,4448,4448,4516,4516,4516,4516,4526,4526,4581,4581,4581,4581,4623,4693,4778,4945,4945,4945,4945,4945,4986,4986,4986,4986,4986,4986,4986,4986,4986,4986,4986,4986,4986,4986,4986,4986,4986,4986,4986,4986,4986,4986,4986,4986,4986,4986,4986,4986,4986,4986,4986,4986,4986,4986,4986,4986,4986,4986,4986,4986,4986,4986,4986,4986,4986,4986,4986,4986,4986,4986,4986,4986,4986,4986,4986,4986,4986,4986,4986,4986,4986,4986,4986,4986,4986,4986,4986,4986,4986,4986,4986,4986,4986,4986,4986,4986,4986,4986,4986,4986,4986,4986,4986,4986,4986,4986,4986,4986,4986,4986,4986,4986,4986,4986,4986,4986,4986,4986,4986,4986,4986,4986,4986,4986,4986,4986,4986,4986,4986,4986,4986,4986,4986,4986,4986,4986,4986,4986,4986,4986,4986,4986,4986,
3899,3899,3899,3899,3899,3899,3899,3899,3899,3899,3899,3899,3899,3899,3899,3904,3940,3985,3985,3985,3985,4058,4058,4058,4068,4068,4068,4103,4103,4103,4103,4103,4211,4211,4211,4211,4211,4211,4211,4211,4211,4211,4211,4245,4245,4245,4245,4245,4245,4281,4281,4281,4281,4281,4281,4281,4281,4281,4281,4281,4281,4281,4281,4281,4281,4281,4281,4281,4281,4281,4281,4281,4281,4281,4281,4281,4281,4281,4281,4281,4281,4281,4281,4281,4281,4281,4281,4281,4281,4281,4281,4281,4281,4281,4281,4281,4281,4281,4281,4281,4281,4281,4281,4281,4281,4281,4281,4281,4281,4281,4281,4281,4281,4281,4281,4281,4281,4281,4281,4281,4281,4281,4281,4281,4281,4281,4281,4281,4281,4281,4281,4281,4281,4281,4281,4281,4281,4281,4281,4281,4281,4281,4281,4281,4281,4281,4281,4281,4281,4281,
3726,3726,3726,3726,3726,3726,3726,3726,3726,3741,3768,3768,3875,3875,3875,3875,3886,3886,3886,3920,3920,3920,3931,3931,3931,3931,3931,3931,3931,3931,3931,3931,3931,3931,3931,3931,3931,3931,3931,3931,3931,3931,3931,3931,3931,3931,3931,3931,3931,3931,3931,3931,3931,3931,3931,3931,3931,3931,3931,3931,3931,3931,3931,3931,3931,3931,3931,3931,3931,3931,3931,3931,3931,3931,3931,3931,3931,3931,3931,3931,3931,3931,3931,3931,3931,3931,3931,3931,3931,3931,3931,3931,3931,3931,3931,3931,3931,3931,3931,3931,3931,3931,3931,3931,3931,3931,3931,3931,3931,3931,3931,3931,3931,3931,3931,3931,3931,3931,3931,3931,3931,3931,3931,3931,3931,3931,3931,3931,3931,3931,3931,3931,3931,3931,3931,3931,3931,3931,3931,3931,3931,3931,3931,3931,3931,3931,3931,3931,3931,3931,
4080,4080,4080,4080,4080,4080,4080,4080,4080,4080,4080,4080,4080,4080,4080,4080,4080,4080,4080,4080,4080,4080,4080,4080,4080,4080,4080,4080,4080,4080,4080,4080,4080,4080,4080,4080,4080,4080,4080,4080,4080,4080,4080,4080,4080,4080,4080,4080,4080,4080,4080,4080,4080,4080,4080,4080,4080,4080,4080,4080,4080,4080,4080,4080,4080,4080,4080,4080,4080,4080,4080,4080,4080,4080,4080,4080,4080,4080,4080,4080,4080,4080,4080,4080,4080,4080,4080,4080,4080,4080,4080,4080,4080,4080,4080,4080,4080,4080,4080,4080,4080,4080,4080,4080,4080,4080,4080,4080,4080,4080,4080,4080,4080,4080,4080,4080,4080,4080,4080,4080,4080,4080,4080,4080,4080,4080,4080,4080,4080,4080,4080,4080,4080,4080,4080,4080,4080,4080,4080,4080,4080,4080,4080,4080,4080,4080,4080,4080,4080,4080,
4271,4271,4271,4271,4271,4271,4271,4271,4271,4271,4271,4271,4271,4271,4271,4335,4413,4506,4506,4667,4667,4667,4667,4667,4667,4716,4735,4772,4772,4772,4772,4785,4785,4785,4785,4785,4785,4785,4785,4785,4785,4785,4785,4785,4785,4785,4785,4785,4785,4785,4785,4785,4785,4785,4785,4785,4785,4785,4785,4785,4785,4785,4785,4785,4785,4785,4785,4785,4785,4785,4785,4785,4785,4785,4785,4785,4785,4785,4785,4785,4785,4785,4785,4785,4785,4785,4785,4785,4785,4785,4785,4785,4785,4785,4785,4785,4785,4785,4785,4785,4785,4785,4785,4785,4785,4785,4785,4785,4785,4785,4785,4785,4785,4785,4785,4785,4785,4785,4785,4785,4785,4785,4785,4785,4785,4785,4785,4785,4785,4785,4785,4785,4785,4785,4785,4785,4785,4785,4785,4785,4785,4785,4785,4785,4785,4785,4785,4785,4785,4785,
3372,3372,3372,3372,3372,3372,3372,3372,3372,3372,3372,3395,3476,3582,3645,3729,3773,3879,3879,3960,3960,4010,4028,4048,4048,4048,4048,4048,4048,4049,4049,4049,4049,4049,4049,4049,4049,4049,4049,4049,4049,4049,4049,4049,4049,4049,4049,4049,4049,4049,4049,4049,4049,4049,4049,4049,4049,4049,4049,4049,4049,4049,4049,4049,4049,4049,4049,4049,4049,4049,4049,4049,4049,4049,4049,4049,4049,4049,4049,4049,4049,4049,4049,4049,4049,4049,4049,4049,4049,4049,4049,4049,4049,4049,4049,4049,4049,4049,4049,4049,4049,4049,4049,4049,4049,4049,4049,4049,4049,4049,4049,4049,4049,4049,4049,4049,4049,4049,4049,4049,4049,4049,4049,4049,4049,4049,4049,4049,4049,4049,4049,4049,4049,4049,4049,4049,4049,4049,4049,4049,4049,4049,4049,4049,4049,4049,4049,4049,4049,4049,
4231,4231,4231,4231,4231,4231,4231,4231,4231,4231,4231,4231,4231,4231,4234,4292,4400,4585,4615,4615,4615,4760,4760,4761,4761,4761,4761,4910,4910,4910,4910,4910,4910,4910,4910,4910,4915,5085,5085,5085,5085,5085,5085,5085,5085,5085,5085,5085,5085,5085,5085,5085,5085,5085,5085,5085,5085,5085,5085,5085,5085,5085,5085,5085,5085,5085,5085,5085,5085,5085,5085,5085,5085,5085,5085,5085,5085,5085,5085,5085,5085,5085,5085,5085,5085,5085,5085,5085,5085,5085,5085,5085,5085,5085,5085,5085,5085,5085,5085,5085,5085,5085,5085,5085,5085,5085,5085,5085,5085,5085,5085,5085,5085,5085,5085,5085,5085,5085,5085,5085,5085,5085,5085,5085,5085,5085,5085,5085,5085,5085,5085,5085,5085,5085,5085,5085,5085,5085,5085,5085,5085,5085,5085,5085,5085,5085,5085,5085,5085,5085,
3990,3990,3990,3990,3990,3990,3990,3990,3990,3990,3990,3990,3990,3990,3990,3990,4032,4075,4075,4075,4108,4135,4167,4167,4253,4253,4270,4270,4300,4403,4403,4403,4403,4403,4408,4416,4449,4466,4466,4497,4497,4497,4497,4497,4536,4536,4536,4536,4536,4536,4536,4536,4536,4546,4546,4546,4546,4546,4546,4546,4546,4546,4546,4546,4546,4546,4546,4546,4546,4546,4546,4546,4546,4546,4546,4546,4546,4546,4546,4546,4546,4546,4546,4546,4546,4546,4546,4546,4546,4546,4546,4546,4546,4546,4546,4546,4546,4546,4546,4546,4546,4546,4546,4546,4546,4546,4546,4546,4546,4546,4546,4546,4546,4546,4546,4546,4546,4546,4546,4546,4546,4546,4546,4546,4546,4546,4546,4546,4546,4546,4546,4546,4546,4546,4546,4546,4546,4546,4546,4546,4546,4546,4546,4546,4546,4546,4546,4546,4546,4546,
4310,4310,4310,4310,4310,4310,4310,4310,4310,4310,4310,4310,4310,4310,4310,4310,4310,4310,4310,4310,4310,4310,4310,4310,4310,4310,4310,4310,4310,4310,4310,4310,4310,4310,4310,4310,4310,4310,4310,4310,4310,4310,4310,4310,4310,4310,4310,4310,4310,4310,4310,4310,4310,4310,4310,4310,4310,4310,4310,4310,4310,4310,4310,4310,4310,4310,4310,4310,4310,4310,4310,4310,4310,4310,4310,4310,4310,4310,4310,4310,4310,4310,4310,4310,4310,4310,4310,4310,4310,4310,4310,4310,4310,4310,4310,4310,4310,4310,4310,4310,4310,4310,4310,4310,4310,4310,4310,4310,4310,4310,4310,4310,4310,4310,4310,4310,4310,4310,4310,4310,4310,4310,4310,4310,4310,4310,4310,4310,4310,4310,4310,4310,4310,4310,4310,4310,4310,4310,4310,4310,4310,4310,4310,4310,4310,4310,4310,4310,4310,4310,
4475,4475,4475,4475,4475,4475,4475,4475,4475,4475,4475,4475,4501,4543,4543,4566,4628,4628,4628,4628,4628,4628,4628,4628,4628,4628,4628,4628,4628,4628,4628,4628,4628,4628,4628,4628,4628,4628,4628,4628,4628,4628,4628,4628,4628,4628,4628,4628,4628,4628,4628,4628,4628,4628,4628,4628,4628,4628,4628,4628,4628,4628,4628,4628,4628,4628,4628,4628,4628,4628,4628,4628,4628,4628,4628,4628,4628,4628,4628,4628,4628,4628,4628,4628,4628,4628,4628,4628,4628,4628,4628,4628,4628,4628,4628,4628,4628,4628,4628,4628,4628,4628,4628,4628,4628,4628,4628,4628,4628,4628,4628,4628,4628,4628,4628,4628,4628,4628,4628,4628,4628,4628,4628,4628,4628,4628,4628,4628,4628,4628,4628,4628,4628,4628,4628,4628,4628,4628,4628,4628,4628,4628,4628,4628,4628,4628,4628,4628,4628,4628,
4196,4196,4196,4196,4196,4196,4196,4196,4196,4196,4196,4196,4196,4359,4518,4518,4518,4605,4605,4605,4609,4609,4609,4609,4650,4650,4673,4673,4673,4697,4697,4697,4697,4697,4697,4697,4697,4697,4697,4697,4697,4697,4697,4697,4697,4697,4697,4697,4697,4697,4697,4697,4697,4697,4697,4697,4697,4697,4697,4697,4697,4697,4697,4697,4697,4697,4697,4697,4697,4697,4697,4697,4697,4697,4697,4697,4697,4697,4697,4697,4697,4697,4697,4697,4697,4697,4697,4697,4697,4697,4697,4697,4697,4697,4697,4697,4697,4697,4697,4697,4697,4697,4697,4697,4697,4697,4697,4697,4697,4697,4697,4697,4697,4697,4697,4697,4697,4697,4697,4697,4697,4697,4697,4697,4697,4697,4697,4697,4697,4697,4697,4697,4697,4697,4697,4697,4697,4697,4697,4697,4697,4697,4697,4697,4697,4697,4697,4697,4697,4697,
3897,3897,3897,3897,3897,3897,3897,3897,3897,3897,3897,4021,4021,4040,4110,4214,4214,4214,4282,4282,4282,4282,4282,4299,4299,4367,4367,4411,4411,4411,4411,4411,4411,4411,4411,4411,4411,4411,4411,4411,4411,4411,4411,4411,4411,4411,4411,4411,4411,4411,4411,4411,4411,4411,4411,4411,4411,4411,4411,4411,4411,4411,4411,4411,4411,4411,4411,4411,4411,4411,4411,4411,4411,4411,4411,4411,4411,4411,4411,4411,4411,4411,4411,4411,4411,4411,4411,4411,4411,4411,4411,4411,4411,4411,4411,4411,4411,4411,4411,4411,4411,4411,4411,4411,4411,4411,4411,4411,4411,4411,4411,4411,4411,4411,4411,4411,4411,4411,4411,4411,4411,4411,4411,4411,4411,4411,4411,4411,4411,4411,4411,4411,4411,4411,4411,4411,4411,4411,4411,4411,4411,4411,4411,4411,4411,4411,4411,4411,4411,4411,
4356,4356,4356,4356,4356,4356,4356,4356,4395,4524,4524,4535,4535,4535,4730,4730,4730,4730,4730,4730,4730,4753,4753,4753,4754,4754,4766,4818,4925,4925,4925,4925,5008,5008,5008,5008,5008,5008,5008,5008,5008,5008,5008,5008,5008,5008,5008,5008,5008,5008,5008,5008,5008,5008,5008,5008,5008,5008,5008,5008,5008,5008,5008,5008,5008,5008,5008,5008,5008,5008,5008,5008,5008,5008,5008,5008,5008,5008,5008,5008,5008,5008,5008,5008,5008,5008,5008,5008,5008,5008,5008,5008,5008,5008,5008,5008,5008,5008,5008,5008,5008,5008,5008,5008,5008,5008,5008,5008,5008,5008,5008,5008,5008,5008,5008,5008,5008,5008,5008,5008,5008,5008,5008,5008,5008,5008,5008,5008,5008,5008,5008,5008,5008,5008,5008,5008,5008,5008,5008,5008,5008,5008,5008,5008,5008,5008,5008,5008,5008,5008,
3876,3876,3876,3876,3876,3876,3876,3876,3876,3876,3876,3876,3876,3876,3876,3876,3885,3885,3910,3956,3994,4005,4073,4073,4100,4100,4100,4139,4181,4181,4181,4181,4181,4181,4249,4249,4249,4249,4296,4377,4377,4377,4377,4377,4377,4377,4381,4381,4381,4397,4397,4397,4397,4424,4424,4424,4424,4424,4424,4450,4450,4450,4450,4450,4450,4450,4450,4450,4450,4450,4450,4450,4450,4450,4450,4450,4450,4450,4450,4450,4450,4450,4450,4450,4450,4450,4450,4450,4450,4450,4450,4450,4450,4450,4450,4450,4450,4450,4450,4450,4450,4450,4450,4450,4450,4450,4450,4450,4450,4450,4450,4450,4450,4450,4450,4450,4450,4450,4450,4450,4450,4450,4450,4450,4450,4450,4450,4450,4450,4450,4450,4450,4450,4450,4450,4450,4450,4450,4450,4450,4450,4450,4450,4450,4450,4450,4450,4450,4450,4450,
3726,3726,3726,3726,3726,3726,3726,3726,3726,3726,3726,3726,3726,3726,3726,3726,3726,3726,3726,3726,3726,3726,3726,3726,3726,3726,3726,3726,3726,3737,3737,3766,3766,3766,3766,3766,3766,3766,3766,3766,3766,3766,3766,3766,3766,3766,3766,3766,3766,3766,3766,3766,3766,3766,3766,3766,3766,3766,3766,3766,3766,3766,3766,3766,3766,3766,3766,3766,3766,3766,3766,3766,3766,3766,3766,3766,3766,3766,3766,3766,3766,3766,3766,3766,3766,3766,3766,3766,3766,3766,3766,3766,3766,3766,3766,3766,3766,3766,3766,3766,3766,3766,3766,3766,3766,3766,3766,3766,3766,3766,3766,3766,3766,3766,3766,3766,3766,3766,3766,3766,3766,3766,3766,3766,3766,3766,3766,3766,3766,3766,3766,3766,3766,3766,3766,3766,3766,3766,3766,3766,3766,3766,3766,3766,3766,3766,3766,3766,3766,3766,
4391,4391,4391,4391,4391,4391,4391,4391,4391,4391,4391,4391,4391,4391,4391,4391,4444,4444,4444,4444,4444,4477,4539,4587,4587,4610,4610,4610,4610,4610,4610,4617,4617,4617,4617,4617,4617,4617,4617,4617,4617,4617,4617,4617,4617,4617,4617,4617,4617,4617,4617,4617,4617,4617,4617,4617,4617,4617,4617,4617,4617,4617,4617,4617,4617,4617,4617,4617,4617,4617,4617,4617,4617,4617,4617,4617,4617,4617,4617,4617,4617,4617,4617,4617,4617,4617,4617,4617,4617,4617,4617,4617,4617,4617,4617,4617,4617,4617,4617,4617,4617,4617,4617,4617,4617,4617,4617,4617,4617,4617,4617,4617,4617,4617,4617,4617,4617,4617,4617,4617,4617,4617,4617,4617,4617,4617,4617,4617,4617,4617,4617,4617,4617,4617,4617,4617,4617,4617,4617,4617,4617,4617,4617,4617,4617,4617,4617,4617,4617,4617,
3542,3542,3542,3542,3542,3542,3542,3542,3542,3542,3561,3561,3667,3667,3667,3667,3675,3715,3821,3821,3821,3821,3821,3821,3821,3821,3821,3821,3821,3821,3821,3821,3821,3821,3821,3821,3821,3821,3821,3821,3821,3821,3821,3821,3821,3821,3821,3821,3821,3821,3821,3821,3821,3821,3821,3821,3821,3821,3821,3821,3821,3821,3821,3821,3821,3821,3821,3821,3821,3821,3821,3821,3821,3821,3821,3821,3821,3821,3821,3821,3821,3821,3821,3821,3821,3821,3821,3821,3821,3821,3821,3821,3821,3821,3821,3821,3821,3821,3821,3821,3821,3821,3821,3821,3821,3821,3821,3821,3821,3821,3821,3821,3821,3821,3821,3821,3821,3821,3821,3821,3821,3821,3821,3821,3821,3821,3821,3821,3821,3821,3821,3821,3821,3821,3821,3821,3821,3821,3821,3821,3821,3821,3821,3821,3821,3821,3821,3821,3821,3821,
3816,3816,3816,3816,3816,3816,3816,3816,3816,3816,3816,3816,3816,3816,3816,3816,3816,3816,3816,3865,3886,3942,3942,3962,4039,4039,4092,4092,4092,4092,4097,4097,4097,4097,4097,4118,4118,4118,4118,4118,4118,4118,4118,4118,4118,4118,4118,4118,4118,4118,4118,4118,4118,4118,4118,4118,4118,4118,4118,4118,4118,4118,4118,4118,4118,4118,4118,4118,4118,4118,4118,4118,4118,4118,4118,4118,4118,4118,4118,4118,4118,4118,4118,4118,4118,4118,4118,4118,4118,4118,4118,4118,4118,4118,4118,4118,4118,4118,4118,4118,4118,4118,4118,4118,4118,4118,4118,4118,4118,4118,4118,4118,4118,4118,4118,4118,4118,4118,4118,4118,4118,4118,4118,4118,4118,4118,4118,4118,4118,4118,4118,4118,4118,4118,4118,4118,4118,4118,4118,4118,4118,4118,4118,4118,4118,4118,4118,4118,4118,4118,
3633,3633,3633,3633,3633,3633,3633,3633,3633,3633,3633,3633,3633,3633,3633,3633,3633,3633,3633,3633,3633,3633,3633,3633,3633,3633,3633,3633,3633,3633,3633,3633,3633,3633,3633,3633,3633,3633,3633,3633,3633,3633,3633,3633,3633,3633,3633,3633,3633,3633,3633,3633,3633,3633,3633,3633,3633,3633,3633,3633,3633,3633,3633,3633,3633,3633,3633,3633,3633,3633,3633,3633,3633,3633,3633,3633,3633,3633,3633,3633,3633,3633,3633,3633,3633,3633,3633,3633,3633,3633,3633,3633,3633,3633,3633,3633,3633,3633,3633,3633,3633,3633,3633,3633,3633,3633,3633,3633,3633,3633,3633,3633,3633,3633,3633,3633,3633,3633,3633,3633,3633,3633,3633,3633,3633,3633,3633,3633,3633,3633,3633,3633,3633,3633,3633,3633,3633,3633,3633,3633,3633,3633,3633,3633,3633,3633,3633,3633,3633,3633,
4271,4271,4271,4271,4271,4271,4271,4271,4271,4271,4271,4271,4289,4332,4376,4483,4505,4505,4505,4548,4570,4570,4570,4570,4570,4570,4570,4570,4570,4570,4570,4570,4570,4570,4570,4570,4570,4570,4570,4570,4570,4570,4570,4570,4570,4570,4570,4570,4570,4570,4570,4570,4570,4570,4570,4570,4570,4570,4570,4570,4570,4570,4570,4570,4570,4570,4570,4570,4570,4570,4570,4570,4570,4570,4570,4570,4570,4570,4570,4570,4570,4570,4570,4570,4570,4570,4570,4570,4570,4570,4570,4570,4570,4570,4570,4570,4570,4570,4570,4570,4570,4570,4570,4570,4570,4570,4570,4570,4570,4570,4570,4570,4570,4570,4570,4570,4570,4570,4570,4570,4570,4570,4570,4570,4570,4570,4570,4570,4570,4570,4570,4570,4570,4570,4570,4570,4570,4570,4570,4570,4570,4570,4570,4570,4570,4570,4570,4570,4570,4570,
4141,4141,4141,4141,4141,4141,4141,4141,4141,4141,4141,4141,4141,4141,4141,4141,4141,4141,4141,4141,4233,4233,4245,4245,4261,4261,4261,4261,4261,4261,4261,4261,4261,4261,4261,4261,4261,4261,4261,4261,4261,4261,4261,4261,4261,4261,4261,4261,4261,4261,4261,4261,4261,4261,4261,4261,4261,4261,4261,4261,4261,4261,4261,4261,4261,4261,4261,4261,4261,4261,4261,4261,4261,4261,4261,4261,4261,4261,4261,4261,4261,4261,4261,4261,4261,4261,4261,4261,4261,4261,4261,4261,4261,4261,4261,4261,4261,4261,4261,4261,4261,4261,4261,4261,4261,4261,4261,4261,4261,4261,4261,4261,4261,4261,4261,4261,4261,4261,4261,4261,4261,4261,4261,4261,4261,4261,4261,4261,4261,4261,4261,4261,4261,4261,4261,4261,4261,4261,4261,4261,4261,4261,4261,4261,4261,4261,4261,4261,4261,4261,
3436,3436,3436,3436,3436,3436,3436,3436,3447,3534,3584,3584,3584,3657,3657,3657,3657,3657,3657,3657,3657,3657,3657,3657,3657,3657,3657,3657,3657,3657,3657,3657,3657,3657,3657,3657,3657,3657,3657,3657,3657,3657,3657,3657,3657,3657,3657,3657,3657,3657,3657,3657,3657,3657,3657,3657,3657,3657,3657,3657,3657,3657,3657,3657,3657,3657,3657,3657,3657,3657,3657,3657,3657,3657,3657,3657,3657,3657,3657,3657,3657,3657,3657,3657,3657,3657,3657,3657,3657,3657,3657,3657,3657,3657,3657,3657,3657,3657,3657,3657,3657,3657,3657,3657,3657,3657,3657,3657,3657,3657,3657,3657,3657,3657,3657,3657,3657,3657,3657,3657,3657,3657,3657,3657,3657,3657,3657,3657,3657,3657,3657,3657,3657,3657,3657,3657,3657,3657,3657,3657,3657,3657,3657,3657,3657,3657,3657,3657,3657,3657,
