ID,Items,byCap,byCapTime,byValue,byValueTime,FPTAS,FPTAStime,branch,branchTime
9000,4,473,0.00019496000000000013,473,0.0038345000000000002,460,0.0005056199999999999,473,0.00010430999999999968,
9001,4,326,0.00020528000000000102,326,0.0023992799999999993,320,0.0003376200000000007,326,0.00010278000000000232,
9002,4,196,0.0001374399999999998,196,0.002223600000000001,190,0.00038732999999999904,196,0.00015386999999999817,
9003,4,545,0.0001556700000000011,545,0.003208549999999999,530,0.00041906999999999914,545,0.0001210200000000028,
9004,4,243,0.00013334000000000178,243,0.0035737100000000034,240,0.000518869999999998,243,0.00012315000000000077,
9005,4,563,0.00019398999999999944,563,0.0032147000000000013,550,0.00040947000000000065,563,0.00010339000000000099,
9006,4,410,0.0001454399999999989,410,0.003311299999999995,350,0.00048407999999999785,410,0.00011465999999999976,
9007,4,375,0.00017094000000000164,375,0.002265440000000001,200,0.0004081299999999999,375,0.00015922999999999908,
9008,4,235,0.00014097999999999723,235,0.004997570000000002,230,0.0006200300000000025,235,0.00011236999999999941,
9009,4,224,0.00019378999999999813,224,0.0026086800000000034,220,0.00045984999999999944,224,0.00010858999999999951,
9010,4,297,0.0001470099999999963,297,0.001916170000000008,280,0.000292349999999999,297,0.00010573000000000831,
9011,4,459,0.00021223999999999242,459,0.0036254700000000017,450,0.0005414999999999992,459,0.00016461999999998868,
9012,4,325,0.0001626700000000003,325,0.0024007999999999985,310,0.0003559599999999996,325,0.00016046999999999478,
9013,4,431,0.0001975199999999866,431,0.0028887099999999944,330,0.00041256999999999877,431,0.00011485999999999663,
9014,4,472,0.00017821999999999782,472,0.0032463499999999977,460,0.00047584000000000515,472,0.00010371999999999382,
9015,4,230,0.0001544100000000004,230,0.0026602100000000027,220,0.0003964199999999973,230,0.0001283700000000021,
9016,4,452,0.00022069999999999368,452,0.0032223500000000006,440,0.00044484000000000635,452,0.00010911000000000116,
9017,4,306,0.00014616000000001073,306,0.0032507400000000076,300,0.0005150399999999955,306,0.00011061999999999905,
9018,4,483,0.00025770999999999764,483,0.003914250000000008,460,0.0006742700000000124,483,0.0001378500000000038,
9019,4,227,0.00014669999999999739,227,0.003312520000000001,220,0.0004600999999999988,227,0.00011727999999999739,
9020,4,229,0.00016144999999999853,229,0.0030133100000000025,220,0.00036093999999998517,229,0.00011126000000000858,
9021,4,496,0.00023220999999999493,496,0.002900750000000016,480,0.00045242999999999255,496,0.0001267299999999949,
9022,4,286,0.00015692999999998846,286,0.0029810900000000018,280,0.0003814000000000206,286,0.0001284599999999969,
9023,4,387,0.00021542999999999424,387,0.0030005599999999967,380,0.0004888700000000057,387,0.00012343999999998802,
9024,4,393,0.00020134999999999793,393,0.0037516199999999954,390,0.0005963800000000141,393,0.0001256200000000085,
9025,4,295,0.0001623199999999869,295,0.0025641399999999947,210,0.0003991800000000012,295,0.00017709999999999227,
9026,4,512,0.00014818000000001773,512,0.004247809999999994,490,0.00048204000000000134,512,0.00012972000000001317,
9027,4,184,0.0001476200000000283,184,0.0017650599999999982,180,0.0003256100000000117,184,0.00015966999999999842,
9028,4,317,0.00014665000000000817,317,0.003049090000000003,270,0.0004940000000000033,317,0.00011153000000000191,
9029,4,372,0.0002273399999999981,372,0.002793469999999978,360,0.0005641199999999991,372,0.00014301999999998926,
9030,4,296,0.0002034400000000147,296,0.002518829999999994,290,0.0003942699999999988,296,0.00011658999999999864,
9031,4,309,0.0001422900000000027,309,0.0031001700000000197,300,0.0005801800000000057,309,0.00012662000000002394,
9032,4,501,0.00014609000000000095,501,0.002690589999999986,280,0.0004842499999999994,501,0.0001035599999999981,
9033,4,100,0.00014627000000000834,100,0.000812810000000006,90,0.00026484999999999204,100,0.0001932699999999876,
9034,4,253,0.000242830000000005,253,0.0038881800000000054,250,0.0005270300000000106,253,0.00014473999999999875,
9035,4,585,0.00019185999999999482,585,0.004091569999999986,340,0.0005168499999999909,585,0.0001115000000000066,
9036,4,584,0.00020967000000000625,584,0.003515890000000006,560,0.0007688399999999973,584,0.00022223000000002103,
9037,4,231,0.00030598000000001233,231,0.003064870000000006,220,0.0006409299999999973,231,0.00023025000000000516,
9038,4,251,0.00029821000000000095,251,0.0033446799999999753,90,0.0004541699999999871,251,0.00014286000000000244,
9039,4,159,0.00017257999999999995,159,0.002724650000000004,150,0.000557660000000002,159,0.0001354399999999778,
9040,4,314,0.0001551400000000136,314,0.00265057999999998,300,0.0004425200000000018,314,0.00012067999999999301,
9041,4,401,0.00021827999999999293,401,0.0032773399999999953,390,0.00041325999999997976,401,0.00013948000000002736,
9042,4,437,0.0002039699999999556,437,0.0036957999999999913,420,0.00051086999999999,437,0.00012835000000002594,
9043,4,398,0.00016890000000000072,398,0.0024343600000000265,240,0.0003754599999999542,398,0.00010086999999998625,
9044,4,505,0.00025159999999996074,505,0.003760799999999982,490,0.0004650200000000027,505,0.00010107999999998896,
9045,4,319,0.00024143000000002247,319,0.0035361800000000086,310,0.00045708999999998667,319,0.00013513000000003216,
9046,4,217,0.00015134999999997235,217,0.0014413500000000211,200,0.0002571999999999619,217,0.00016228999999999162,
9047,4,330,0.00018432999999998145,330,0.0029709800000000184,320,0.000527489999999986,330,0.00010884999999998257,
9048,4,254,0.00014189000000001785,254,0.0018579000000000078,250,0.00030070999999999516,254,0.00015807000000002348,
9049,4,462,0.00014475999999998378,462,0.0038836000000000226,450,0.0005529100000000042,462,0.00010735000000000383,
9050,10,798,0.001117100000000022,798,0.015239100000000007,770,0.0021232799999999583,798,0.0003344099999999983,
9051,10,942,0.0011791099999999943,942,0.01836587999999999,830,0.0021902299999999996,942,0.00030323999999996685,
9052,10,740,0.001014919999999968,736,0.016734959999999965,350,0.0022109100000000125,740,0.00038757000000003925,
9053,10,956,0.0010276000000000352,956,0.02206982,650,0.003145239999999987,956,0.0005444899999999819,
9054,10,1501,0.0011317599999999927,1501,0.02597995000000001,1460,0.003498809999999999,1501,0.00037776999999998394,
9055,10,1351,0.0011441599999999852,1351,0.025563509999999994,1140,0.003489229999999921,1351,0.0002983900000000261,
9056,10,1375,0.0011246399999999567,1375,0.027339569999999966,1230,0.0034795800000000554,1375,0.0003099499999999722,
9057,10,1153,0.001206460000000007,1153,0.021939489999999964,990,0.0030467800000000267,1153,0.0003222600000000142,
9058,10,1234,0.0009621200000000129,1234,0.026561570000000003,1210,0.003520850000000024,1234,0.0004474299999999687,
9059,10,1260,0.0011958600000000529,1230,0.028708499999999974,1150,0.0037153299999999946,1260,0.0006738699999999653,
9060,10,1319,0.0010131299999999754,1319,0.029411440000000014,1150,0.003697470000000038,1319,0.00030648999999996815,
9061,10,1169,0.0010218200000000621,1169,0.020911839999999984,1130,0.002795529999999999,1169,0.0004210100000000239,
9062,10,99,0.0004509300000000138,99,0.0031076800000000306,90,0.0006157999999999219,99,0.0002486200000000594,
9063,10,1023,0.001196950000000001,1023,0.02474008000000005,990,0.0027275300000000158,1023,0.000575810000000061,
9064,10,1389,0.0010682800000000015,1075,0.02399633999999999,710,0.0033784699999999646,1389,0.00029666999999996337,
9065,10,1168,0.0009460700000000344,1168,0.02572279000000009,660,0.003082989999999981,1168,0.00042598999999995615,
9066,10,1024,0.0012457199999999346,1024,0.018607469999999963,930,0.002506880000000038,1024,0.000330459999999988,
9067,10,1195,0.0009588999999999714,1195,0.027995739999999925,1160,0.003239279999999951,1195,0.00036181999999996607,
9068,10,872,0.001050819999999959,872,0.016154989999999998,780,0.002337169999999986,872,0.0003753799999999785,
9069,10,1099,0.0009568900000000724,1099,0.023440470000000033,920,0.0034791000000001303,1099,0.00031852999999983924,
9070,10,1286,0.0012631899999999518,1286,0.02516044999999991,1260,0.003598769999999831,1286,0.0003698399999998969,
9071,10,1178,0.0011008599999999546,1178,0.022049409999999908,1150,0.0029715500000000363,1178,0.00037244000000001163,
9072,10,1217,0.001095679999999959,1217,0.023150779999999996,1150,0.0028792199999999467,1217,0.0003775999999999158,
9073,10,939,0.0011590100000000803,911,0.02022031999999996,660,0.0025291099999999746,939,0.00046088000000011676,
9074,10,784,0.0010301199999999254,784,0.01700096999999985,600,0.002337669999999861,784,0.0005229600000001256,
9075,10,1240,0.0010775999999998475,1240,0.021873990000000135,1190,0.0028544399999999824,1240,0.00026323999999988245,
9076,10,917,0.0009465699999999799,917,0.021619170000000024,880,0.003097429999999832,917,0.0005178800000000195,
9077,10,1033,0.0010736999999998887,1033,0.021150499999999964,1010,0.002626249999999999,1033,0.0004963799999998742,
9078,10,1386,0.001255299999999977,1386,0.02318096000000011,1330,0.0031503899999999873,1386,0.000322620000000029,
9079,10,1266,0.0010655300000000523,1103,0.02345405999999997,1020,0.0032323100000000693,1266,0.0005372000000001265,
9080,10,1054,0.0009142500000000098,1054,0.026432419999999866,960,0.003195029999999974,1054,0.00044007999999990944,
9081,10,980,0.0009412799999999777,919,0.0221167100000001,900,0.0029654100000000485,980,0.0004728600000001393,
9082,10,952,0.0009541700000001186,952,0.02096872000000005,750,0.0029117800000000218,952,0.00028447999999997364,
9083,10,1446,0.001023890000000165,1406,0.02554879000000014,1210,0.003188910000000078,1446,0.00045932999999990896,
9084,10,1196,0.0013361299999999688,1196,0.021249970000000076,1030,0.0030145600000000172,1196,0.00028894999999991457,
9085,10,1062,0.0011446399999999813,1022,0.01891157000000007,720,0.002554730000000092,1062,0.0004820999999999742,
9086,10,748,0.0011034399999999777,748,0.01812547000000009,520,0.0023970700000000987,748,0.00030621999999993934,
9087,10,1059,0.0011687299999999822,1059,0.02506263000000004,910,0.0032135900000001528,1059,0.00046617999999995166,
9088,10,1578,0.0012017000000001587,1578,0.026672270000000112,1370,0.004051489999999944,1578,0.00031931000000014366,
9089,10,694,0.0012599999999999057,694,0.019412530000000032,610,0.0026814399999997816,694,0.0005700099999999963,
9090,10,1143,0.0011760500000001172,1143,0.022210479999999963,1090,0.002910189999999915,1143,0.00043517000000008464,
9091,10,1043,0.001187670000000196,1043,0.01869796000000008,1000,0.0027478999999996745,1043,0.00032741000000015676,
9092,10,1436,0.001184379999999976,1436,0.02576469000000003,1410,0.003556970000000206,1436,0.00026627999999988104,
9093,10,1368,0.0012511200000000144,1252,0.025502540000000237,1210,0.00347531000000032,1368,0.0003197099999999864,
9094,10,1315,0.0012336899999999672,1315,0.03132170000000002,1230,0.0037556600000002048,1315,0.000393139999999903,
9095,10,1005,0.0013167500000000132,1005,0.018990619999999864,860,0.0025151900000003023,1005,0.0005250699999999142,
9096,10,1187,0.0011645300000000702,1187,0.023251990000000264,1100,0.0031253999999998425,1187,0.00043207999999992806,
9097,10,959,0.0010936100000000692,959,0.018528220000000033,930,0.0025961599999999407,959,0.0005832100000000651,
9098,10,925,0.0009692600000002472,925,0.02225211999999999,780,0.002799489999999878,925,0.00037507999999974117,
9099,10,1243,0.0012693500000000313,1243,0.02250319999999988,790,0.002892020000000173,1243,0.0004153600000000779,
9100,15,2358,0.0038277800000000185,2358,0.07436419000000001,2300,0.00923560000000009,2358,0.0005792699999997808,
9101,15,1726,0.0037068700000000374,1726,0.05261760999999979,1580,0.006223870000000033,1726,0.00120537000000013,
9102,15,2064,0.0042010899999999655,2064,0.06498581999999999,2000,0.008101959999999906,2064,0.0005876900000001228,
9103,15,1485,0.004160849999999812,1485,0.047729559999999935,1400,0.005921600000000069,1485,0.000452070000000333,
9104,15,1479,0.004225370000000055,1479,0.05092451000000011,1340,0.00608177000000012,1479,0.0006091299999999933,
9105,15,1852,0.0036243500000003336,1852,0.05596860000000021,1790,0.006646580000000029,1852,0.0004264299999996979,
9106,15,1987,0.0031804699999997865,1987,0.05782187999999991,1920,0.007103919999999562,1987,0.0004259500000000571,
9107,15,1636,0.0036339000000000965,1636,0.05043688000000003,1550,0.006067000000000178,1636,0.000449249999999779,
9108,15,1664,0.00357040000000012,1664,0.04824155000000019,1530,0.005560549999999864,1664,0.0005329399999999396,
9109,15,1806,0.003875749999999982,1806,0.05543990000000008,1750,0.006364230000000077,1806,0.0005344000000002324,
9110,15,2084,0.0032260199999998916,2084,0.06261485999999991,2020,0.007528020000000027,2084,0.000503840000000082,
9111,15,1454,0.0033490699999998695,1454,0.04407451999999978,1400,0.005506579999999986,1454,0.00044724000000002207,
9112,15,1627,0.00396156000000019,1627,0.05198068999999975,1570,0.006147209999999745,1627,0.0008364199999999755,
9113,15,2087,0.0038677999999998745,2081,0.07525905999999964,1990,0.008823429999999632,2087,0.003553980000000081,
9114,15,1778,0.0038205800000000066,1778,0.053965530000000116,1710,0.006310000000000002,1778,0.0004312600000000089,
9115,15,1874,0.0036951300000001197,1874,0.05821466999999956,1820,0.007058589999999754,1874,0.0008341300000000728,
9116,15,1634,0.0036191699999994853,1634,0.04835255000000018,1570,0.0056066999999995915,1634,0.0004996700000003784,
9117,15,1817,0.00370474999999999,1753,0.053584089999999945,1720,0.006744790000000194,1817,0.0005439499999999953,
9118,15,1921,0.0037965299999996203,1921,0.0551686600000005,1860,0.0067024200000003024,1921,0.0004879399999998668,
9119,15,1769,0.0031027199999994082,1769,0.05143451000000084,1700,0.00665647999999976,1769,0.00037001999999972666,
9120,15,1787,0.003871819999999957,1787,0.05877800999999977,1580,0.006620519999999601,1787,0.0015095600000000786,
9121,15,2021,0.003918429999999944,2021,0.059933879999999246,1960,0.007067230000000108,2021,0.000517590000000041,
9122,15,1778,0.003211780000000317,1778,0.05353819999999985,1700,0.0063038899999997965,1778,0.00036141000000043276,
9123,15,1990,0.002634530000000268,1990,0.05828445999999985,1950,0.007008240000000114,1990,0.00040168999999991685,
9124,15,1470,0.003786850000000186,1470,0.044423569999999586,1350,0.00537008999999955,1470,0.0006569700000000012,
9125,15,2122,0.0030312400000002526,2122,0.060963469999999804,2050,0.007278760000000375,2122,0.0003600099999999884,
9126,15,199,0.0007220899999998664,199,0.008875590000000102,190,0.0012311799999997675,199,0.00033725000000060844,
9127,15,1201,0.0037561099999999215,1188,0.03775559999999985,1080,0.004205729999999903,1201,0.0006578599999994594,
9128,15,1915,0.002862480000000005,1915,0.05526714000000027,1850,0.0065370599999999964,1915,0.000357330000000502,
9129,15,1833,0.0027493800000002013,1833,0.05544418000000007,1760,0.0065237899999999625,1833,0.00039619000000016056,
9130,15,1274,0.003942169999999692,1272,0.04105039000000033,1190,0.004874570000000062,1274,0.0006800899999996091,
9131,15,1984,0.0036397800000003144,1984,0.059836740000000076,1910,0.007453139999999508,1984,0.0004423299999996289,
9132,15,2238,0.003916469999999776,2238,0.06820636000000035,2190,0.008384079999999586,2238,0.00047925000000020645,
9133,15,1948,0.0036612800000000332,1935,0.058311589999999566,1800,0.0068917700000002925,1948,0.0004361599999998589,
9134,15,1609,0.003545119999999997,1609,0.049881829999999926,1550,0.0062968500000005175,1609,0.0006084099999998216,
9135,15,1763,0.003582569999999805,1763,0.05167297000000019,1680,0.0060444899999998825,1763,0.000483340000000112,
9136,15,2017,0.0036786699999998974,2017,0.058938660000000025,1810,0.006751300000000242,2017,0.00039190999999959785,
9137,15,1846,0.003833439999999655,1846,0.05388061999999991,1780,0.0064873199999999544,1846,0.0005469200000004548,
9138,15,2011,0.0036994699999996785,2011,0.06011464000000046,1870,0.007252489999999625,2011,0.00046295000000043276,
9139,15,1821,0.004277779999999325,1821,0.05699618000000044,1760,0.007153269999999452,1821,0.0009019800000004352,
9140,15,2167,0.0039051100000000363,2167,0.0638630599999999,1850,0.00698626000000047,2167,0.0006011699999999109,
9141,15,1860,0.0036927599999995665,1860,0.05450306999999952,1800,0.006211539999999332,1860,0.0003777500000001055,
9142,15,1439,0.0033110199999998712,1439,0.04504243000000031,1280,0.005398380000000316,1439,0.0005065000000001874,
9143,15,1641,0.0038976199999996197,1641,0.05044443000000001,1570,0.00616691000000003,1641,0.0005539900000002262,
9144,15,1776,0.0035531999999994924,1776,0.052584690000000475,1700,0.0064749299999999725,1776,0.0004240399999997635,
9145,15,1995,0.003999210000000062,1995,0.06176270000000045,1930,0.007528560000000084,1995,0.0004754400000001624,
9146,15,2008,0.0034977099999997565,2008,0.05865967000000012,1940,0.007155290000000036,2008,0.000459709999999518,
9147,15,1381,0.0036683400000003985,1381,0.04377790000000004,1200,0.0052871400000003635,1381,0.0006741799999997511,
9148,15,1771,0.0037287199999997255,1771,0.05183875,1720,0.006550959999999577,1771,0.00045791999999948984,
9149,15,1873,0.0031883900000002543,1873,0.05329035999999974,1790,0.006240369999999871,1873,0.00041289000000006127,
9150,20,1995,0.007278000000042084,1981,0.09943900000001804,1930,0.020337999999981093,1995,0.00794100000001663,
9151,20,2623,0.011126999999987675,2582,0.12181399999991527,2490,0.024030999999979485,2623,0.0018410000000130822,
9152,20,2607,0.006149999999990996,2602,0.12262500000002774,2565,0.024766999999997097,2607,0.0010009999999738284,
9153,20,2089,0.0075470000000450455,2056,0.10084400000005189,1985,0.02465299999994386,2089,0.0023350000000732507,
9154,20,2062,0.006325999999944543,2062,0.08494500000006155,1955,0.022323000000028514,2062,0.0013529999999946085,
9155,20,2723,0.00748500000003105,2715,0.11501799999996365,2685,0.02432299999998122,2723,0.0014299999999707325,
9156,20,2193,0.0067499999999540705,2184,0.1042030000000409,2140,0.0251700000000028,2193,0.0018010000000003856,
9157,20,2992,0.0067079999999464235,2992,0.1244490000000269,2955,0.03107399999998961,2992,0.0013529999999946085,
9158,20,2197,0.008673999999984972,2197,0.10408000000006723,2080,0.020567999999968833,2197,0.001036999999996624,
9159,20,2551,0.0065159999999764295,2453,0.1317309999999452,2215,0.034928999999976895,2551,0.0066250000000422915,
9160,20,2372,0.010621999999955278,2372,0.11691600000000335,2335,0.02111200000001645,2372,0.001970999999969081,
9161,20,2116,0.006478000000015527,2102,0.10369700000001103,1810,0.018558999999982007,2116,0.0019300000000157524,
9162,20,2368,0.006669999999985521,2287,0.1178939999999784,2100,0.03186600000009321,2368,0.017344999999977517,
9163,20,2440,0.006875999999977012,2391,0.11199999999996635,2300,0.022023000000046977,2440,0.0011779999999816937,
9164,20,1609,0.006516999999973905,1595,0.07744500000001153,1555,0.015750000000025466,1609,0.0031589999999823704,
9165,20,249,0.0011110000000371656,249,0.013703000000020893,245,0.003344000000026881,249,0.00044200000002092565,
9166,20,2184,0.006700000000023465,2184,0.10368099999999458,2055,0.023144000000002052,2184,0.0020460000000070977,
9167,20,1903,0.007706999999982145,1810,0.10404300000004696,1615,0.019090999999946234,1903,0.00814700000000812,
9168,20,2359,0.006209999999953197,2359,0.12363099999998894,2125,0.02265999999997348,2359,0.004274000000009437,
9169,20,2550,0.011524000000008527,2503,0.11013100000002396,2385,0.02097299999996949,2550,0.0009699999999952524,
9170,20,2796,0.0081119999999828,2759,0.12540299999994886,2545,0.024416999999971267,2796,0.0014669999999910033,
9171,20,1953,0.011703000000068187,1953,0.09614599999997608,1915,0.017370999999968717,1953,0.003673999999989519,
9172,20,2532,0.008213000000012016,2532,0.1282120000000191,2505,0.02311000000003105,2532,0.001377999999988333,
9173,20,2347,0.013307999999938147,2347,0.11599999999998545,1935,0.02352899999999636,2347,0.0024240000000190776,
9174,20,2684,0.011917999999980111,2684,0.13081100000005108,2280,0.02477100000004384,2684,0.005043999999941207,
9175,20,1903,0.009816999999998188,1883,0.0863289999999779,1860,0.018379000000095402,1903,0.0016909999999938918,
9176,20,2335,0.006973000000016327,2330,0.0956340000000182,2260,0.019774999999981446,2335,0.0009900000000016007,
9177,20,2365,0.008532000000002427,2365,0.11763700000000199,2205,0.021985999999969863,2365,0.0015919999999596257,
9178,20,2249,0.012092999999993026,2249,0.10757599999999456,2100,0.023319000000014967,2249,0.008204999999975371,
9179,20,2041,0.01350999999999658,2012,0.10061600000000226,1965,0.018768000000022766,2041,0.0017509999999560932,
9180,20,2273,0.011750000000006366,2177,0.11648400000001402,2030,0.02175100000005159,2273,0.006045999999969354,
9181,20,2435,0.006561000000033346,2435,0.10644200000001547,2365,0.02046899999999141,2435,0.0008010000000240325,
9182,20,2508,0.011698999999964599,2496,0.12593299999997498,2440,0.03032899999999472,2508,0.00252800000004072,
9183,20,1863,0.006802999999990789,1814,0.0919099999999844,1785,0.023650000000031923,1863,0.005078999999966527,
9184,20,2959,0.006080000000054042,2959,0.15057500000000346,2900,0.027953000000024986,2959,0.0019419999999854554,
9185,20,2411,0.013559000000043397,2411,0.10841900000002624,2380,0.025898999999981243,2411,0.0009200000000646469,
9186,20,2456,0.006249000000025262,2411,0.11364300000002459,2335,0.027059000000008382,2456,0.003394999999954962,
9187,20,2333,0.007123000000035518,2297,0.11180599999994456,2230,0.034148000000016054,2333,0.005225999999993292,
9188,20,1983,0.007211000000040713,1932,0.09367199999996956,1800,0.018443000000047505,1983,0.00197400000001835,
9189,20,2041,0.013867999999945368,1964,0.1092090000000212,1410,0.019315000000005966,2041,0.018508999999937714,
9190,20,2338,0.007951000000048225,2306,0.11382399999996551,2210,0.022186000000033346,2338,0.002376000000026579,
9191,20,2818,0.011881999999957316,2818,0.12024599999995189,2790,0.022983000000010634,2818,0.0006170000000338405,
9192,20,2441,0.011828999999977441,2441,0.11942199999998593,2405,0.021097999999994954,2441,0.0010970000000156688,
9193,20,1821,0.00679500000006783,1777,0.09557100000000673,1605,0.023860000000013315,1821,0.0017270000000166874,
9194,20,2721,0.00885300000004463,2694,0.1203649999999925,2660,0.029050000000040654,2721,0.004536999999970703,
9195,20,2421,0.007162999999991371,2421,0.10853899999995065,2380,0.02135299999997642,2421,0.0014990000000238979,
9196,20,2475,0.006973000000016327,2468,0.11318099999999731,2430,0.022240000000010696,2475,0.0030330000000162727,
9197,20,2417,0.006748999999956595,2397,0.11508399999996755,2350,0.029697999999996227,2417,0.0015950000000088949,
9198,20,2033,0.00991199999998571,2018,0.0913229999999885,1925,0.0207529999999565,2033,0.0025979999999776737,
9199,20,2168,0.006902000000025055,1949,0.10117999999999938,1815,0.02127100000001292,2168,0.003179000000045562,
9200,22,2625,0.007563000000061493,2573,0.13909699999999248,2440,0.025617000000011103,2625,0.0021210000000451146,
9201,22,2215,0.007499000000052547,2057,0.12881700000002638,1810,0.02386300000000574,2215,0.004087000000026819,
9202,22,2479,0.007612999999935255,2369,0.12676500000003443,2300,0.029710999999963406,2479,0.004062000000033095,
9203,22,2474,0.007707000000038988,2419,0.122887999999989,2175,0.0287789999999859,2474,0.003837000000032731,
9204,22,2877,0.00798000000003185,2863,0.1587650000000167,2820,0.0292519999999854,2877,0.003949000000034175,
9205,22,2581,0.007904999999993834,2311,0.14944500000001426,1875,0.03600300000005063,2581,0.02072899999996025,
9206,22,2401,0.008485000000007403,2316,0.11990500000001703,2250,0.0348109999999906,2401,0.0025580000000218206,
9207,22,2647,0.00844000000000733,2644,0.12975399999999127,2580,0.027759000000003198,2647,0.0030709999999771753,
9208,22,2425,0.007942000000014104,2348,0.13206699999994953,2110,0.02674899999999525,2425,0.009388999999941916,
9209,22,2265,0.012878999999998086,2265,0.11605200000002469,1985,0.02593699999999899,2265,0.011306999999931122,
9210,22,2576,0.008322000000021035,2576,0.13955000000004247,2470,0.03074599999996508,2576,0.007268000000010488,
9211,22,2525,0.007793000000049233,2315,0.1390220000000113,1890,0.027161000000035074,2525,0.012473999999997432,
9212,22,2561,0.008044000000040796,2495,0.14299199999999246,2350,0.02869799999996303,2561,0.0038529999999923348,
9213,22,2677,0.012097999999923559,2519,0.14349600000002738,2440,0.028245999999967353,2677,0.006024000000024898,
9214,22,2442,0.007766000000003714,2439,0.13192199999997456,2230,0.025139000000024225,2442,0.008890000000008058,
9215,22,2646,0.010043999999993503,2640,0.13868399999995518,2505,0.030486999999993714,2646,0.0038299999999367174,
9216,22,1868,0.007896999999957188,1854,0.11082400000003645,1675,0.025947999999971216,1868,0.0026450000000295404,
9217,22,2505,0.007789000000059332,2455,0.1371239999999716,2020,0.031066000000009808,2505,0.020408999999972366,
9218,22,2244,0.010124000000018896,2223,0.12905499999999392,1815,0.026620999999977357,2244,0.006268000000034135,
9219,22,2345,0.007898000000011507,2200,0.13855100000000675,2070,0.031627000000014505,2345,0.002525999999988926,
9220,22,2651,0.00979699999999184,2343,0.14489300000008143,2300,0.03767099999998891,2651,0.002483999999981279,
9221,22,3032,0.010919000000001233,3032,0.15559899999999516,2860,0.037791000000027,3032,0.0023249999999848114,
9222,22,2393,0.0077690000000529835,2206,0.1329020000000014,2150,0.03225300000002562,2393,0.013026999999965483,
9223,22,2811,0.007462999999972908,2797,0.16362299999997276,2680,0.029231999999979053,2811,0.004097000000001572,
9224,22,2315,0.00759299999998575,2315,0.11077699999998458,1375,0.02171600000002627,2315,0.0009170000000153777,
9225,22,2564,0.007630000000006021,2501,0.1536689999999794,2375,0.03421400000001995,2564,0.006695000000036089,
9226,22,2250,0.013142999999956828,1891,0.12387100000000828,1815,0.02463399999999183,2250,0.009608999999954904,
9227,22,2453,0.008803999999997814,2419,0.13095299999997678,2295,0.026179999999953907,2453,0.006535000000042146,
9228,22,2520,0.01001799999994546,2520,0.12872300000003634,2440,0.030420999999989817,2520,0.004519000000016149,
9229,22,2157,0.008369000000072901,1968,0.14018499999997402,1930,0.03418899999996938,2157,0.0674319999999966,
9230,22,2633,0.015694999999993797,2505,0.14821799999998575,2340,0.03789900000003854,2633,0.004794000000003962,
9231,22,2260,0.013378000000045631,2111,0.12756199999995488,1905,0.026046000000008007,2260,0.04266400000005888,
9232,22,2318,0.007325000000037107,2188,0.12678500000004078,1995,0.022770999999977448,2318,0.0038319999999885113,
9233,22,2405,0.013110999999980777,2110,0.14379299999995965,2050,0.03033400000003894,2405,0.003169000000013966,
9234,22,2626,0.013755000000060136,2397,0.14004099999999653,2260,0.025939999999991414,2626,0.0016390000000683358,
9235,22,2827,0.007723999999996067,2765,0.14965799999998808,2300,0.029541999999992186,2827,0.012222999999949025,
9236,22,2358,0.0100060000000326,1924,0.14498500000001968,1875,0.030326000000002296,2358,0.04847999999998365,
9237,22,249,0.0016509999999811953,249,0.020647999999994227,245,0.003783000000055381,249,0.0005340000000160217,
9238,22,2920,0.008439000000009855,2610,0.1553159999999707,2580,0.036843000000033044,2920,0.011399000000039905,
9239,22,2476,0.01324199999993425,2358,0.1393479999999272,2195,0.026432999999997264,2476,0.006559000000038395,
9240,22,2069,0.012247999999999593,2016,0.11225600000000213,1935,0.020097000000021126,2069,0.002188999999987118,
9241,22,2486,0.013552000000004227,2460,0.1306830000000332,2255,0.0372440000000438,2486,0.01538999999996804,
9242,22,2673,0.013112000000035096,2493,0.14746800000000349,2400,0.03616000000005215,2673,0.005377000000009957,
9243,22,2570,0.016200999999966825,2500,0.15782100000001265,2395,0.026773999999988973,2570,0.0015700000000151704,
9244,22,2956,0.007908999999983735,2956,0.15263500000003205,2890,0.033510999999975866,2956,0.0010240000000294458,
9245,22,2082,0.009373999999979787,1691,0.1173530000000369,1595,0.02229299999999057,2082,0.006101000000001022,
9246,22,2915,0.01369300000004614,2616,0.14331900000001951,2440,0.034754000000020824,2915,0.0021820000000047912,
9247,22,2555,0.007448000000067623,2540,0.134757000000036,2420,0.030844999999942502,2555,0.002090999999950327,
9248,22,2582,0.007055999999977303,2575,0.13581299999998464,2095,0.0268589999999449,2582,0.006458000000009179,
9249,22,2306,0.007744999999999891,2150,0.12479300000001103,2020,0.027682999999967706,2306,0.011052000000006501,
9250,25,2427,0.011208000000010543,1924,0.15528299999999717,1900,0.03070100000002185,2427,0.041509999999959746,
9251,25,2846,0.013524000000018077,2454,0.17335900000000493,2160,0.03888500000005024,2846,0.012409999999988486,
9252,25,2538,0.010382999999990261,2477,0.15862399999997479,2435,0.037918999999988046,2538,0.016883000000007087,
9253,25,3370,0.019990000000007058,3215,0.21558099999998603,3150,0.04395900000002939,3370,0.03317600000002585,
9254,25,2884,0.015032000000019252,2873,0.17458000000004859,2835,0.03309999999999036,2884,0.005513000000007651,
9255,25,2595,0.010686000000021068,2495,0.15273799999999937,2385,0.030815000000018244,2595,0.008345000000019809,
9256,25,3048,0.016162000000008447,3031,0.1938159999999698,2965,0.03655799999995679,3048,0.01342800000003308,
9257,25,2717,0.019745000000000346,2717,0.1769390000000044,2440,0.03619700000001558,2717,0.013741000000038639,
9258,25,3290,0.013948000000027605,3171,0.21874800000000505,2885,0.04837600000001885,3290,0.007738999999958196,
9259,25,2581,0.014505999999983032,2573,0.14072600000002922,2520,0.027706999999963955,2581,0.0019960000000196487,
9260,25,2766,0.017264000000011492,2758,0.1641760000000545,2600,0.0322779999999625,2766,0.009101000000043769,
9261,25,2897,0.016566000000011627,2849,0.1855340000000183,2785,0.0494380000000092,2897,0.008498000000031425,
9262,25,2597,0.014999999999986358,2011,0.16051400000003468,1905,0.030729000000008,2597,0.005401000000006206,
9263,25,2564,0.011519000000021151,2383,0.18034299999993664,2330,0.03234599999996135,2564,0.061639000000013766,
9264,25,3075,0.01867400000003272,3074,0.18385599999999158,2995,0.036265000000014425,3075,0.012249999999994543,
9265,25,2666,0.011077000000057069,2070,0.15575699999999415,1945,0.032391000000018266,2666,0.025814000000025317,
9266,25,3029,0.01173399999998992,2942,0.1922609999999736,2900,0.036869000000024243,3029,0.007291000000066106,
9267,25,3341,0.0111299999999801,3035,0.2142650000000117,2930,0.04885799999999563,3341,0.040443999999979496,
9268,25,3062,0.015093999999976404,2911,0.19440499999996064,2845,0.03778400000004467,3062,0.01703599999996186,
9269,25,3060,0.012620000000026721,2826,0.20029399999998532,2715,0.03921999999994341,3060,0.06278799999995499,
9270,25,3307,0.011325000000056207,3004,0.20684199999999464,2940,0.04546600000003309,3307,0.022658000000035372,
9271,25,2758,0.012458000000037828,2689,0.16993999999994003,2595,0.04110200000002351,2758,0.004677999999955773,
9272,25,2710,0.01179700000000139,2602,0.16812900000002173,2300,0.03441299999991543,2710,0.04122999999998456,
9273,25,2934,0.014457999999990534,2597,0.1891090000000304,2565,0.044531000000006316,2934,0.04361099999999851,
9274,25,3239,0.011122999999997774,3159,0.1972189999999614,3095,0.03828499999997348,3239,0.02008699999998953,
9275,25,3283,0.009827000000029784,3283,0.20819999999991978,3220,0.04273600000010447,3283,0.0025269999999864012,
9276,25,2937,0.011493000000029951,2937,0.1838279999999486,2670,0.04072099999996226,2937,0.04691000000002532,
9277,25,3582,0.01032500000002301,3501,0.21845600000000331,3225,0.04065700000001016,3582,0.002097999999989497,
9278,25,3442,0.010492999999996755,3442,0.20631300000002284,3375,0.04121300000002748,3442,0.023640999999997803,
9279,25,2733,0.015006999999968684,2669,0.16242799999997715,1655,0.03271800000004532,2733,0.016537000000028,
9280,25,2655,0.016569000000004053,2428,0.17587400000002162,2360,0.03775400000000673,2655,0.04954499999996642,
9281,25,3058,0.010892000000012558,3029,0.19159700000000157,2895,0.03658600000005663,3058,0.00261000000000422,
9282,25,2694,0.010250999999982469,2532,0.14770700000002535,2460,0.03030600000005279,2694,0.0048469999999838365,
9283,25,299,0.0015889999999672,299,0.030741000000034546,295,0.005389999999977135,299,0.0008569999999394895,
9284,25,2953,0.014516000000014628,2727,0.2136459999999829,2685,0.037663000000009106,2953,0.06025299999998879,
9285,25,3071,0.01071200000006911,2750,0.2011669999999981,2645,0.03972599999997328,3071,0.008688000000006468,
9286,25,3024,0.014830999999958294,2944,0.1943669999999429,2475,0.04501799999997047,3024,0.010125999999957003,
9287,25,3088,0.010407999999983986,3040,0.2019889999999691,2795,0.04397500000004584,3088,0.002854000000013457,
9288,25,2971,0.011067999999966105,2904,0.17616700000002083,2670,0.03789599999998927,2971,0.009968000000014854,
9289,25,2543,0.018975000000011732,2358,0.17319700000001603,2110,0.03076600000002827,2543,0.014485999999976684,
9290,25,2791,0.0151559999999904,2791,0.19048299999997198,2595,0.04120299999993904,2791,0.02690499999999929,
9291,25,3039,0.014626000000021122,2999,0.18003600000002962,2800,0.04071500000003425,3039,0.0011779999999816937,
9292,25,2956,0.012264999999956672,2956,0.19525599999997212,2545,0.04397000000000162,2956,0.016954999999995835,
9293,25,3210,0.011964000000034503,2921,0.19396099999994476,2250,0.042152999999984786,3210,0.004168999999990319,
9294,25,2746,0.011177999999972599,2572,0.1895900000000097,2535,0.046208000000035554,2746,0.05960600000003069,
9295,25,3170,0.013805999999988217,3020,0.20199300000001585,2910,0.04194999999998572,3170,0.0060330000000021755,
9296,25,3297,0.012306999999964319,2972,0.21649600000000646,2820,0.04140300000000252,3297,0.01378999999997177,
9297,25,3135,0.013008000000013453,3135,0.19425200000000586,3080,0.036621000000025106,3135,0.013623999999992975,
9298,25,3011,0.010232000000030439,2916,0.19412300000004734,2765,0.041768999999987955,3011,0.03962600000005523,
9299,25,2901,0.010665000000017244,2901,0.1774840000000495,2700,0.04071399999997993,2901,0.012750999999980195,
9300,27,3538,0.013985999999931664,3348,0.254703999999947,3310,0.06333900000004178,3538,0.11391099999997323,
9301,27,3609,0.013005000000021028,3204,0.24992099999997208,3125,0.05379500000003645,3609,0.012426000000004933,
9302,27,3256,0.014378000000021984,3002,0.22080500000004122,2930,0.053971999999987474,3256,0.027300000000025193,
9303,27,2553,0.015467000000001008,2513,0.1680170000000203,2415,0.040693999999973585,2553,0.010186000000032891,
9304,27,2932,0.014234000000044489,2603,0.20286499999997432,2385,0.03949399999999059,2932,0.02194400000001906,
9305,27,3100,0.013991999999973359,2950,0.21564100000000508,2800,0.04083999999994603,3100,0.037225999999975556,
9306,27,2820,0.0241839999999911,2820,0.19906599999995933,2590,0.038994000000002416,2820,0.12287999999995236,
9307,27,3264,0.019726999999988948,3177,0.2274749999999699,2805,0.04168800000002193,3264,0.020915000000002237,
9308,27,3043,0.02318000000008169,3008,0.22237999999998692,2935,0.03983699999997725,3043,0.009266000000025088,
9309,27,2838,0.022204999999985375,2838,0.189845000000048,2730,0.03669800000000123,2838,0.007496000000003278,
9310,27,3488,0.01441200000004983,3415,0.2414510000000405,3305,0.042202999999972235,3488,0.0027549999999791908,
9311,27,3490,0.013783999999986918,3490,0.2232389999999782,3420,0.043016000000022814,3490,0.005208999999979369,
9312,27,2880,0.013613000000020747,2726,0.17978400000004058,2630,0.03577699999999595,2880,0.007947999999998956,
9313,27,2997,0.015640000000018972,2997,0.20248199999997496,2680,0.04742399999997815,2997,0.0473320000000399,
9314,27,2805,0.013406000000031781,2698,0.19972500000000082,2530,0.04753099999999222,2805,0.013080000000002201,
9315,27,3240,0.01165299999996705,3197,0.213608000000022,2945,0.04252400000001444,3240,0.007254999999986467,
9316,27,2868,0.013960999999994783,2745,0.23292700000001787,2430,0.052084999999976844,2868,0.18436500000007072,
9317,27,3019,0.016187999999999647,2717,0.20821399999994128,2500,0.04546299999998382,3019,0.07232700000002978,
9318,27,3359,0.019511000000022705,3192,0.22715299999998706,3135,0.04834200000004785,3359,0.02571499999999105,
9319,27,2812,0.02121900000003052,2723,0.21286299999997027,2595,0.04223799999994071,2812,0.014554999999973006,
9320,27,3306,0.013961000000051627,2971,0.23052000000001271,2880,0.048607999999944695,3306,0.0322959999999739,
9321,27,2533,0.019400000000018736,2434,0.1747770000000628,2395,0.032698999999979605,2533,0.02791300000001229,
9322,27,2773,0.014259000000038213,2504,0.20506799999998293,2345,0.043262000000027,2773,0.04649500000004991,
9323,27,3228,0.018493000000034954,3138,0.2114609999999857,2930,0.03939100000002327,3228,0.014675000000011096,
9324,27,3379,0.0160640000000285,3295,0.21709099999998216,3205,0.04700100000002294,3379,0.015234999999961474,
9325,27,3477,0.01368800000000192,3212,0.23911599999996724,3015,0.04721099999994749,3477,0.01876900000002024,
9326,27,3391,0.01303399999994781,3255,0.2278880000000072,2955,0.05235800000002655,3391,0.03205300000001898,
9327,27,3063,0.014028999999936786,2740,0.23847199999988788,2655,0.0491340000000946,3063,0.19468499999993583,
9328,27,2924,0.01339800000005198,2885,0.21137800000008156,2835,0.039706999999907566,2924,0.04741300000000592,
9329,27,3244,0.016057000000046173,3196,0.21306899999990492,3010,0.03911300000004303,3244,0.0046490000000858345,
9330,27,3261,0.019563000000061948,3261,0.20604200000002493,3055,0.05094700000006469,3261,0.0723129999998946,
9331,27,3494,0.014013999999974658,3331,0.23274700000001758,3265,0.04813699999999699,3494,0.011335999999914748,
9332,27,3333,0.014851999999905274,3333,0.2233600000000706,3290,0.04747599999996055,3333,0.003206999999974869,
9333,27,3398,0.013643999999999323,3251,0.22981800000002295,2915,0.05134899999995923,3398,0.021357999999850108,
9334,27,3080,0.01308100000005652,3021,0.21432200000003832,2740,0.04264299999999821,3080,0.042923000000087086,
9335,27,3315,0.019762000000014268,3178,0.22731599999997343,3135,0.0499009999999771,3315,0.057670000000030086,
9336,27,3458,0.016446999999971013,3409,0.23636499999997795,3335,0.04455899999993562,3458,0.02791000000013355,
9337,27,3546,0.01719700000001012,3443,0.23026900000002115,3405,0.05694699999992281,3546,0.01714100000003782,
9338,27,349,0.0020999999999276042,349,0.030882999999903404,345,0.006717999999978019,349,0.0006470000000717846,
9339,27,3133,0.014168000000040593,3112,0.22309100000006765,2905,0.04510499999992135,3133,0.019942000000128246,
9340,27,2970,0.018958999999995285,2970,0.2083390000000236,2585,0.041863000000034845,2970,0.010966999999936888,
9341,27,3977,0.01850200000001223,3977,0.25354200000003857,3930,0.055605999999897904,3977,0.00849700000003395,
9342,27,2954,0.01388099999996939,2869,0.21563800000001265,2795,0.039052999999853455,2954,0.018951000000015483,
9343,27,3156,0.023559000000091146,3103,0.20882099999994352,2855,0.044305000000008476,3156,0.006965999999920314,
9344,27,3490,0.014217000000030566,3345,0.2464709999999286,3325,0.04923199999996086,3490,0.0687030000001414,
9345,27,2884,0.01608699999997043,2784,0.21076700000003257,2745,0.04017900000008012,2884,0.018417999999996937,
9346,27,3124,0.01349599999991824,2968,0.23858399999994617,2420,0.039798000000018874,3124,0.029838000000040665,
9347,27,2545,0.013445000000047003,2517,0.1653719999999339,2405,0.03591200000005301,2545,0.0051510000000689615,
9348,27,2846,0.01656399999990299,2824,0.20271599999989576,2695,0.04041600000005019,2846,0.015056999999956133,
9349,27,3019,0.015571999999906438,2818,0.20702299999993556,2450,0.04227899999989404,3019,0.015705000000025393,
9350,30,2875,0.023754000000053566,2523,0.20420200000000932,2410,0.052325999999993655,2875,0.011288000000035936,
9351,30,3327,0.01865100000009079,3129,0.2621129999998857,3085,0.049285000000054424,3327,0.25894099999993614,
9352,30,3463,0.023435999999946944,3419,0.2799969999999803,3305,0.05206599999996797,3463,0.20719800000017585,
9353,30,3987,0.029866999999967447,3809,0.2927580000000489,3700,0.05896799999993618,3987,0.025979000000006636,
9354,30,3771,0.020164000000022497,3724,0.30514500000003864,3575,0.05673300000000836,3771,0.055662999999981366,
9355,30,3968,0.017562000000111766,3691,0.3081249999999045,3590,0.07092999999997573,3968,0.21392499999990378,
9356,30,3757,0.018105000000105065,3563,0.2883079999999154,3275,0.06170900000006441,3757,0.11976800000002186,
9357,30,3659,0.023925999999960368,3474,0.2830820000000358,3220,0.05459399999995185,3659,0.3751949999999624,
9358,30,3773,0.01838600000007773,3757,0.28918399999997746,3520,0.05995299999995041,3773,0.015907999999967615,
9359,30,3786,0.017494000000056076,3590,0.2827029999999695,3525,0.06344400000000405,3786,0.011618999999882362,
9360,30,3206,0.017314999999939573,2871,0.24894700000004377,2770,0.04728299999999308,3206,0.20764199999996436,
9361,30,4039,0.01785599999993792,4030,0.3169550000001209,3990,0.06351899999992838,4039,0.2725790000000643,
9362,30,3059,0.02560300000004645,3059,0.22125499999992826,2795,0.04425000000014734,3059,0.16543899999987843,
9363,30,3255,0.028641999999877044,3236,0.2527260000000524,3105,0.056092000000035114,3255,0.07627700000000459,
9364,30,2965,0.018784000000096057,2730,0.22883899999999358,2445,0.04136499999992793,2965,0.026084999999966385,
9365,30,3447,0.023252999999954227,3105,0.2616879999999355,2995,0.051122000000077605,3447,0.09530600000005052,
9366,30,3456,0.018266999999923428,3383,0.25423699999998917,3295,0.05684499999995296,3456,0.07532200000002831,
9367,30,3478,0.018120999999950982,3444,0.26864000000011856,3190,0.058115999999927226,3478,0.11168299999997089,
9368,30,3272,0.02507500000001528,3088,0.24730299999998806,3080,0.04793600000004972,3272,0.017646000000013373,
9369,30,4382,0.0237889999999652,4165,0.352512000000047,4025,0.06726800000001276,4382,0.2013840000000755,
9370,30,4013,0.020935999999892374,3777,0.31811900000002424,3675,0.06460499999991498,4013,0.03319900000008147,
9371,30,3738,0.02843000000007123,3415,0.28765199999998003,3200,0.06203400000003967,3738,0.14453200000002653,
9372,30,3860,0.022373000000015963,3802,0.28650100000004386,3660,0.051510000000007494,3860,0.008105000000000473,
9373,30,3399,0.018490999999926316,3291,0.2956689999999753,3235,0.05286599999999453,3399,0.47533499999997275,
9374,30,3302,0.0178089999999429,3046,0.24560900000005859,3000,0.04909999999995307,3302,0.10722500000008495,
9375,30,3394,0.026553999999919142,3246,0.27565099999992526,3085,0.061123000000065986,3394,0.06484199999999873,
9376,30,3745,0.027052000000139742,3650,0.2903880000000072,3325,0.05929700000001503,3745,0.028507999999987987,
9377,30,3624,0.018775000000005093,3478,0.279988000000003,3320,0.054127999999991516,3624,0.14007600000002185,
9378,30,3605,0.02286099999992075,3452,0.2591330000000198,3340,0.056271000000151616,3605,0.009397999999919193,
9379,30,3399,0.025254000000018095,2889,0.25475600000004306,2810,0.05061599999999089,3399,0.13894799999980023,
9380,30,399,0.002266999999960717,399,0.0382240000000138,395,0.00719400000002679,399,0.0006549999999378997,
9381,30,3711,0.027555000000006658,3638,0.26824200000010023,3585,0.05393900000001395,3711,0.043155999999953565,
9382,30,3875,0.018406000000027234,3792,0.3079609999999775,3550,0.05541600000003655,3875,0.2340719999999692,
9383,30,3598,0.017771999999922627,3463,0.28880499999991116,3250,0.06364099999984774,3598,0.0893140000001722,
9384,30,4175,0.023025999999958913,3946,0.3204320000000962,3900,0.06421299999999519,4175,0.024240999999960877,
9385,30,3944,0.019006000000103995,3859,0.3183559999999943,3800,0.064029000000005,3944,0.07888500000012755,
9386,30,3674,0.03010200000005625,3435,0.283600999999976,3290,0.05985800000007657,3674,0.04306099999996604,
9387,30,3896,0.0175490000000309,3896,0.2925999999999931,3420,0.05380600000000868,3896,0.07947900000010577,
9388,30,3608,0.022115999999982705,3536,0.2873620000000301,3315,0.055418999999915286,3608,0.01287000000002081,
9389,30,3139,0.02351900000007845,3039,0.25312700000006316,2855,0.057813000000010106,3139,0.24250800000004347,
9390,30,3501,0.01769699999988461,3141,0.2794570000000931,2885,0.05612800000005791,3501,0.035698000000024876,
9391,30,3310,0.019014999999967586,2943,0.2505629999999428,2780,0.048636000000101376,3310,0.05843399999992016,
9392,30,3314,0.018511000000103195,3097,0.2641239999999243,2775,0.06075999999995929,3314,0.05308100000002014,
9393,30,3232,0.02054600000008122,2956,0.2623769999999013,2665,0.04699600000014925,3232,0.02397299999995539,
9394,30,3716,0.016357000000084554,3673,0.2653809999999339,3400,0.054528000000004795,3716,0.004705999999941923,
9395,30,3413,0.023758000000043467,2926,0.27226199999995515,2810,0.057196999999860054,3413,0.06490999999994074,
9396,30,4005,0.020093999999971857,3837,0.2861050000000205,3650,0.056771000000026106,4005,0.013323999999897751,
9397,30,3392,0.018132000000036896,3181,0.2583959999999479,2770,0.056735000000117,3392,0.07401299999992261,
9398,30,3477,0.026353000000085558,3317,0.2948119999998653,3230,0.052713999999923544,3477,0.16275199999995493,
9399,30,3730,0.021790999999893756,3500,0.2875080000001162,3180,0.05469600000003538,3730,0.07551499999999578,
9400,32,3620,0.02596799999992072,3434,0.3098609999999553,3350,0.05797700000005079,3620,0.09555399999999281,
9401,32,3919,0.022919000000001688,3919,0.3165279999999484,3480,0.06385199999999713,3919,0.028755000000046493,
9402,32,3830,0.02166299999998955,3427,0.31158499999992273,3200,0.05856800000003659,3830,0.059275999999954365,
9403,32,3561,0.02659799999992174,3419,0.3086709999998902,3295,0.06152200000008179,3561,0.14606500000002143,
9404,32,3627,0.021790999999893756,3178,0.34652200000004996,2705,0.08088699999996152,3627,3.2772469999999885,
9405,32,449,0.002679999999941174,449,0.04246699999998782,445,0.008676000000036765,449,0.000693999999953121,
9406,32,3102,0.021005000000059226,2971,0.24993299999994179,2495,0.05189699999993991,3102,0.09287299999994048,
9407,32,4025,0.021752999999989697,3984,0.3473879999999099,3900,0.06692100000009304,4025,0.10533299999997325,
9408,32,3797,0.022337999999990643,3412,0.2964319999999816,2895,0.06819000000007236,3797,0.22003099999994902,
9409,32,3832,0.02057800000000043,3472,0.30643099999997503,3385,0.062231999999994514,3832,0.3338649999999461,
9410,32,3959,0.021975999999881424,3765,0.3471420000000762,3645,0.06443299999989449,3959,0.571025999999847,
9411,32,3469,0.02694799999994757,3273,0.30048099999999067,3215,0.05726099999992584,3469,0.04631400000005215,
9412,32,3440,0.027286000000117383,3151,0.29443700000001627,3050,0.06200199999989309,3440,0.06728299999997489,
9413,32,4210,0.021328000000039538,4210,0.3499589999998989,3945,0.06863300000009076,4210,0.07968799999991916,
9414,32,3709,0.03112199999998211,3661,0.325055000000134,3470,0.05863699999986238,3709,0.26433000000008633,
9415,32,4008,0.0318649999999252,4008,0.3128800000000638,3855,0.06124099999999544,4008,0.1015060000000858,
9416,32,3961,0.023861000000124477,3650,0.33469000000002325,3515,0.07503799999994953,3961,0.5506359999999404,
9417,32,3389,0.028686999999877116,3292,0.27387199999986933,3240,0.051992000000041116,3389,0.03803100000004633,
9418,32,3837,0.021728999999936605,3568,0.35172099999999773,3435,0.06904800000006617,3837,0.2637169999999287,
9419,32,3428,0.026995999999940068,3217,0.3046080000000302,3010,0.06471099999998842,3428,0.13677599999994072,
9420,32,3681,0.02885399999991023,3226,0.31731100000013157,3055,0.06419599999992442,3681,0.07178399999997964,
9421,32,3459,0.02457399999991594,3297,0.2861880000000383,3225,0.05753500000002987,3459,0.04792999999995118,
9422,32,3806,0.02195300000005318,3573,0.3254829999999629,3520,0.06155900000010206,3806,0.5311580000000049,
9423,32,4196,0.027385000000094806,3655,0.3349190000000135,3580,0.06903699999998025,4196,0.19063299999993433,
9424,32,3474,0.02848200000005363,3195,0.2903840000000173,3165,0.054391000000009626,3474,0.0938819999998941,
9425,32,4313,0.022137000000043372,4313,0.33958800000004885,4015,0.07098399999995308,4313,0.0403519999999844,
9426,32,4090,0.024809000000004744,3709,0.3164310000000796,3645,0.06695699999988847,4090,0.026465000000143846,
9427,32,3851,0.02259900000012749,3849,0.3120129999998653,3285,0.06920499999989715,3851,0.09488899999996647,
9428,32,3762,0.022686000000021522,3621,0.29319299999997384,3130,0.06848600000000715,3762,0.05431900000007772,
9429,32,3581,0.02929499999993368,3549,0.32272100000011505,3425,0.07046900000000278,3581,0.13551599999993869,
9430,32,3322,0.027717999999936183,3263,0.2962019999998802,3215,0.06569500000000517,3322,0.34334000000001197,
9431,32,3460,0.029671000000007552,3401,0.2779610000000048,3280,0.0575699999999415,3460,0.14417300000002342,
9432,32,4030,0.021908999999936896,3821,0.3345089999999118,3695,0.06289300000003095,4030,0.14960799999994379,
9433,32,3685,0.026907999999934873,3562,0.3156269999999495,3525,0.06698000000005777,3685,0.03143899999997757,
9434,32,3881,0.029393000000027314,3786,0.3075900000000047,3530,0.06969000000003689,3881,0.028007000000002336,
9435,32,3243,0.022582000000056723,3022,0.24910899999997582,2685,0.059729999999944994,3243,0.09924000000000888,
9436,32,4185,0.021676000000070417,4121,0.32295299999987037,3945,0.0681129999999257,4185,0.014176000000020395,
9437,32,3097,0.02348200000005818,3044,0.23622600000010152,3000,0.052682000000004336,3097,0.1932849999999462,
9438,32,3492,0.026368000000161373,3041,0.31074999999998454,2955,0.06887699999992947,3492,0.8187200000000985,
9439,32,2969,0.025840000000016516,2809,0.30515200000002096,2620,0.05573499999991327,2969,0.13134500000012395,
9440,32,3336,0.02114599999993061,3012,0.27272900000002664,2725,0.05068000000005668,3336,0.0758059999999432,
9441,32,3890,0.0237369999999828,3890,0.3079020000000128,3420,0.07371600000010403,3890,0.23732700000005025,
9442,32,3890,0.02022300000010091,3873,0.2905789999999797,3765,0.057314000000019405,3890,0.007275000000049658,
9443,32,3128,0.03122099999995953,3004,0.26334000000008473,2900,0.05240300000002662,3128,0.05007799999998497,
9444,32,3666,0.022600000000124965,3395,0.3075979999998708,3010,0.060829000000012456,3666,0.04076000000009117,
9445,32,3544,0.020835000000033688,3155,0.28933100000006107,3010,0.054414000000065244,3544,0.051338999999870794,
9446,32,3876,0.026316999999949076,3849,0.3243730000000369,3620,0.0665559999999914,3876,0.041194000000018605,
9447,32,3467,0.0257129999999961,3396,0.2810909999999467,3220,0.05996800000002622,3467,0.02236500000003616,
9448,32,4042,0.026559999999903994,3873,0.31043399999998655,3620,0.07452999999998156,4042,0.028707000000053995,
9449,32,3709,0.025782999999933054,3375,0.3270949999999857,3165,0.0685640000000376,3709,0.06611700000007659,
9450,35,4070,0.03105100000004768,3710,0.3604040000000168,3545,0.07981000000006588,4070,0.6137670000000526,
9451,35,4077,0.033028000000058455,4031,0.4114759999999933,3990,0.07329100000004019,4077,0.3906359999999722,
9452,35,4305,0.03279100000008839,4105,0.42507000000000517,3860,0.0833309999999301,4305,0.5149390000000267,
9453,35,4159,0.03765099999998256,3949,0.3850770000000239,3795,0.07632399999999961,4159,0.13589600000000246,
9454,35,4104,0.025851999999872532,3959,0.40413600000010774,3755,0.08519999999998618,4104,1.9956660000000284,
9455,35,3662,0.03770099999997001,3434,0.3197829999999158,3370,0.06087900000011359,3662,0.12843499999996766,
9456,35,4257,0.026327999999921303,3665,0.38677400000005946,3615,0.08389200000010533,4257,0.9241449999999531,
9457,35,3745,0.02631899999983034,3461,0.3232140000001209,3360,0.06304199999999582,3745,0.26026899999999387,
9458,35,3660,0.0271380000000363,3011,0.36188000000004195,2940,0.07091700000000856,3660,0.31398200000001,
9459,35,3844,0.03733100000010836,3784,0.33586800000000494,3560,0.07009499999992386,3844,0.048937000000023545,
9460,35,3583,0.031176999999956934,3545,0.29668600000002243,3235,0.055530999999973574,3583,0.00557000000003427,
9461,35,3929,0.03160699999989447,3830,0.3463870000001634,3375,0.06452099999989969,3929,0.049659000000133346,
9462,35,3917,0.03314899999998033,3796,0.3460169999999607,3740,0.07662999999990916,3917,0.24900500000001102,
9463,35,499,0.0030040000000326472,499,0.05012699999997494,495,0.010376999999948566,499,0.0008129999999937354,
9464,35,3530,0.03593999999998232,3284,0.3208909999999605,2945,0.05997500000000855,3530,0.44230000000004566,
9465,35,3425,0.033082000000035805,2958,0.3347550000000865,2875,0.06766799999991235,3425,2.6080879999999524,
9466,35,3744,0.03676099999995586,3653,0.348105000000146,3505,0.06463799999994535,3744,0.26261700000009114,
9467,35,4990,0.034439000000020314,4990,0.4363779999999906,4715,0.09916499999997086,4990,0.019348000000150023,
9468,35,3797,0.026093000000059874,3569,0.3338620000000674,3520,0.08375100000000657,3797,0.2942239999999856,
9469,35,4334,0.033040999999911946,4334,0.3504289999999628,4165,0.0805760000000646,4334,0.05023700000003828,
9470,35,4001,0.033171999999922264,3145,0.3530609999999115,3050,0.06803400000001147,4001,0.06033100000001923,
9471,35,4328,0.02705900000012207,4068,0.400314000000094,3935,0.08793099999991227,4328,0.4600639999999885,
9472,35,4676,0.0327949999999646,4409,0.39826800000003004,4355,0.09738400000003367,4676,0.2750300000000152,
9473,35,4150,0.027287999999998647,3652,0.37050299999998515,3460,0.07620100000008279,4150,0.1525579999998854,
9474,35,4363,0.031267999999954554,4331,0.3875040000000354,4200,0.07465300000001207,4363,0.4132919999999558,
9475,35,3921,0.03269799999986844,3717,0.37845499999991716,3460,0.07583800000008978,3921,3.410938999999985,
9476,35,4199,0.028889000000162923,3513,0.39334899999994377,3390,0.08316700000011679,4199,0.6059089999998832,
9477,35,3523,0.034981999999899926,3059,0.32163500000001477,2890,0.05953300000010131,3523,0.1769219999998768,
9478,35,4515,0.036813999999822045,4332,0.43565399999999954,4290,0.08938800000009905,4515,2.660035999999991,
9479,35,3423,0.026480000000105974,3416,0.2934179999999742,3325,0.06255799999996725,3423,0.1801460000000361,
9480,35,3610,0.027010000000018408,3437,0.3429680000000417,3250,0.07253800000000865,3610,3.8773510000000897,
9481,35,4654,0.031924000000003616,4374,0.434259000000111,4320,0.08223399999985759,4654,0.20546300000000883,
9482,35,3706,0.03123300000004292,3531,0.32947300000000723,3410,0.0674420000000282,3706,0.07369500000004336,
9483,35,3675,0.033763999999905536,3394,0.3252250000001595,3045,0.06806599999993068,3675,0.6334340000000793,
9484,35,4516,0.026556999999911568,4271,0.41369699999995646,3965,0.0816499999999678,4516,0.11709600000006049,
9485,35,4677,0.03216100000008737,4295,0.42626099999995404,4055,0.08807199999989734,4677,0.3262879999999768,
9486,35,3871,0.03233499999998912,3485,0.34474999999997635,3220,0.06525999999996657,3871,0.06752000000005864,
9487,35,4278,0.03335500000002867,3828,0.3654309999999441,3765,0.09061799999994946,4278,0.08790299999998297,
9488,35,3881,0.026408000000060383,3836,0.35363199999994777,3760,0.06755200000009154,3881,0.02760399999999663,
9489,35,4546,0.026188000000047396,4211,0.4327569999999241,4095,0.08526500000004944,4546,0.3564360000000306,
9490,35,3653,0.029028000000039356,3386,0.3351979999999912,3085,0.06325900000013007,3653,0.4183949999999186,
9491,35,3394,0.029232999999976528,3304,0.318100999999956,3125,0.0604680000000144,3394,0.9648470000000771,
9492,35,4535,0.027267000000051667,4089,0.4022429999999986,3715,0.07968800000003284,4535,0.2032880000000432,
9493,35,4585,0.027941000000055283,4403,0.4169579999999087,4300,0.08357699999999113,4585,0.13569299999994655,
9494,35,4539,0.026055999999925916,4222,0.4238319999998339,3965,0.09244199999989178,4539,0.8153969999999617,
9495,35,4023,0.03318500000000313,3985,0.39313799999990806,3645,0.06664900000009766,4023,0.10618399999987105,
9496,35,4411,0.028915999999981068,4356,0.4203179999998383,4055,0.08217600000011771,4411,0.6334610000000112,
9497,35,4400,0.03152799999998024,4183,0.4145809999999983,4075,0.09473700000000917,4400,0.6047289999999066,
9498,35,3389,0.03198500000007698,3027,0.3385409999999638,2950,0.07064800000011928,3389,1.314318999999955,
9499,35,4782,0.026689000000033047,4738,0.4475869999999986,4605,0.09270300000002862,4782,0.39324199999998655,
9500,37,4591,0.03046499999993557,4527,0.4393729999999323,4420,0.08230200000002696,4591,0.38091000000008535,
9501,37,4392,0.03292999999996482,4347,0.404988000000003,4070,0.08710700000006,4392,0.6065569999999525,
9502,37,3735,0.03791999999998552,3378,0.38154199999996763,3215,0.09009100000002945,3735,0.5524319999999534,
9503,37,3145,0.039978000000019165,2894,0.31439700000009907,2625,0.06235499999991134,3145,0.3848440000000437,
9504,37,3536,0.033827999999971325,3453,0.36216699999999946,3255,0.06586199999992459,3536,1.4093790000000581,
9505,37,4328,0.03709200000002966,3938,0.412853000000041,3530,0.08970700000008947,4328,0.16940999999985706,
9506,37,4573,0.03002600000002076,4111,0.43891599999994924,4000,0.08821999999997843,4573,0.49191899999993893,
9507,37,4526,0.043633999999997286,4352,0.4379470000000083,4045,0.09752400000002126,4526,0.26855699999998706,
9508,37,4246,0.03178200000002107,4103,0.3731709999999566,3740,0.07597899999996116,4246,0.05602800000008301,
9509,37,4746,0.029419999999959145,4527,0.44747799999993276,4225,0.0888870000001134,4746,0.1396150000000489,
9510,37,5351,0.04122899999993024,5027,0.5313820000000078,4965,0.109211000000073,5351,0.8935010000000148,
9511,37,3988,0.03891199999998207,3560,0.40370599999994283,3475,0.08009499999991476,3988,0.108916000000022,
9512,37,3609,0.03424300000006042,3540,0.3621459999999388,3500,0.07235200000002351,3609,0.10823399999992489,
9513,37,4296,0.03821000000004915,3959,0.4000629999999319,3580,0.08358399999997346,4296,0.5941669999998567,
9514,37,4677,0.041179000000056476,4362,0.457847999999899,4085,0.09596599999997579,4677,1.498377000000005,
9515,37,4318,0.03728899999998703,3993,0.4055600000000368,3510,0.09438999999997577,4318,0.09371100000009847,
9516,37,4361,0.039410000000088985,3940,0.42115899999998874,3830,0.07882300000005671,4361,0.09523300000000745,
9517,37,4247,0.03920299999992949,4034,0.40240700000015295,3745,0.09608899999989262,4247,0.2495090000001028,
9518,37,4320,0.0312940000000026,3893,0.4121290000000499,3775,0.08243500000003223,4320,0.5184709999999768,
9519,37,4526,0.03403899999989335,4362,0.42328199999985827,4110,0.09166799999991326,4526,0.19191200000011577,
9520,37,3907,0.031193000000030224,3572,0.39205600000002505,3485,0.07696399999997539,3907,0.5574139999998806,
9521,37,3789,0.039495000000101754,3707,0.33709300000009534,3410,0.07276199999989785,3789,0.33177499999999327,
9522,37,4874,0.045515000000023065,4646,0.47579800000005434,4290,0.09293400000001384,4874,0.36105299999996987,
9523,37,4153,0.03030700000010711,4026,0.3986170000000584,3715,0.08504799999991519,4153,0.49765400000012505,
9524,37,3646,0.03863100000000941,3569,0.3917579999999816,3270,0.06677200000012817,3646,0.11711899999988873,
9525,37,4977,0.034256999999911386,4778,0.46147000000007665,4645,0.09418699999991986,4977,0.5086650000000645,
9526,37,4803,0.03141300000004321,4306,0.4885829999999487,4235,0.10101400000007743,4803,2.020559999999932,
9527,37,3523,0.03012699999999313,3106,0.3427149999999983,2920,0.06543600000009064,3523,1.121095999999966,
9528,37,3842,0.03170799999998053,3450,0.388206000000082,3380,0.07151699999997163,3842,0.555332999999905,
9529,37,4278,0.03540799999996125,4123,0.4084500000000162,3890,0.09679900000003272,4278,0.048955999999975575,
9530,37,549,0.007023000000003776,549,0.06412399999999252,545,0.013695999999981723,549,0.001586000000088461,
9531,37,4324,0.0352579999999989,3971,0.4375599999999622,3710,0.07720200000005661,4324,0.1594630000000734,
9532,37,4260,0.03120000000001255,4007,0.39378099999987626,3920,0.10370499999999083,4260,0.49488300000007257,
9533,37,3756,0.030453999999963344,3474,0.35924900000020443,3410,0.08031399999993027,3756,0.2942320000000791,
9534,37,4072,0.033820999999989,3542,0.3559689999999591,3215,0.07921699999997145,4072,0.04766099999994822,
9535,37,4235,0.03196100000002389,3755,0.4218869999999697,3670,0.09103800000002593,4235,0.4169080000000349,
9536,37,4345,0.041558999999892876,4182,0.42740600000013274,3690,0.086983000000032,4345,1.089516999999887,
9537,37,4455,0.031835000000000946,4265,0.4016759999999522,3820,0.07968000000005304,4455,0.44265900000004876,
9538,37,4404,0.028966999999965992,3893,0.41647999999997865,3705,0.08613600000001043,4404,0.02729599999997845,
9539,37,4583,0.03720899999984795,4050,0.448359999999866,3980,0.09065399999997226,4583,0.3015169999999898,
9540,37,3965,0.03888399999993908,3792,0.3736299999999346,3725,0.0780369999999948,3965,0.534853999999882,
9541,37,4207,0.032646999999997206,3882,0.396609999999896,3790,0.0934149999999363,4207,0.24822499999982028,
9542,37,3731,0.03407999999990352,3543,0.3655319999999165,3295,0.0686319999999796,3731,2.072913999999969,
9543,37,4073,0.032199999999988904,3565,0.38199699999995573,3375,0.08179099999995287,4073,4.623054000000025,
9544,37,4408,0.031656999999995605,4039,0.423232999999982,3885,0.09532099999989896,4408,1.635631000000103,
9545,37,4077,0.030217999999990752,3681,0.4080020000000104,3520,0.07833700000003319,4077,0.9791470000000118,
9546,37,4788,0.04293700000005174,4416,0.4399100000000544,4120,0.0945480000000316,4788,0.3119329999999536,
9547,37,4374,0.036137000000053376,4251,0.4454760000000988,3865,0.08909000000005562,4374,1.9709919999999101,
9548,37,4098,0.03275300000007064,3850,0.3905690000000277,3705,0.07295799999997143,4098,0.2850500000000693,
9549,37,4145,0.03378199999997378,3848,0.4098500000000058,3605,0.08293899999989662,4145,0.19267400000012458,
9550,40,4068,0.045838000000003376,3773,0.41958299999987503,3365,0.08998000000008233,4068,0.5841290000000754,
9551,40,4454,0.03851699999995617,4164,0.4808010000000422,4045,0.10178299999995488,4454,15.482028000000014,
9552,40,5023,0.04937199999983477,4573,0.5627749999999878,4455,0.1139499999999316,5023,1.4025090000001228,
9553,40,5386,0.048553999999967346,5085,0.545161000000121,4850,0.1040699999998651,5386,1.1034620000001496,
9554,40,4995,0.037546000000020285,4836,0.5143940000000384,4585,0.10626399999989644,4995,2.7873400000000856,
9555,40,3617,0.04467999999997119,3194,0.3865920000000642,2965,0.0953789999999799,3617,3.1267870000000357,
9556,40,4569,0.044060999999942396,4102,0.4769330000000309,3975,0.1080059999999321,4569,1.2880239999999503,
9557,40,4660,0.04842200000007324,4354,0.5300919999998541,4270,0.10680900000011206,4660,8.505635000000098,
9558,40,4449,0.04337699999996403,4134,0.4819559999999683,3985,0.09615899999994326,4449,0.6747030000000223,
9559,40,4069,0.03962400000011712,3778,0.4752019999999675,3695,0.08250999999995656,4069,4.833748000000128,
9560,40,4587,0.04789699999992081,4112,0.49106099999983144,3900,0.09892100000001847,4587,9.919680999999969,
9561,40,4544,0.05415499999992335,3753,0.489086000000043,3600,0.10057700000004388,4544,0.9100619999999253,
9562,40,4245,0.03762800000004063,3950,0.45198999999990974,3630,0.0922649999999976,4245,1.9316240000000562,
9563,40,3761,0.044864999999958854,3301,0.39099399999997786,3090,0.08511100000009719,3761,3.684005999999954,
9564,40,4231,0.03924500000005082,3827,0.4880309999999781,3755,0.08811200000002373,4231,1.0347420000000511,
9565,40,4656,0.05308300000001509,4223,0.5027370000000246,3980,0.10167599999999766,4656,0.32828200000005836,
9566,40,5039,0.045274999999946886,4967,0.5342279999999846,4765,0.1057540000000472,5039,4.520382999999924,
9567,40,599,0.00841899999988982,599,0.07659400000000005,595,0.020257999999898857,599,0.0013460000000122818,
9568,40,4772,0.048829999999952634,4249,0.5249989999999798,3985,0.10015299999997751,4772,3.049831999999924,
9569,40,4473,0.04516400000011345,4062,0.4616230000000314,3835,0.10306699999989632,4473,0.08516700000006949,
9570,40,4479,0.0428749999999809,4246,0.4756679999999278,3955,0.09771399999988262,4479,1.766409000000067,
9571,40,4311,0.03934300000014446,3780,0.4523110000000088,3440,0.09861499999988155,4311,1.4551329999999325,
9572,40,4562,0.04586499999993521,3871,0.49019799999996394,3770,0.09528700000009849,4562,1.7209299999998393,
9573,40,4738,0.04365199999995184,4684,0.5240800000000263,4255,0.11657000000002427,4738,5.057896999999912,
9574,40,4876,0.039010999999959495,4726,0.4846459999999979,4470,0.08980499999995573,4876,0.6061620000000403,
9575,40,5061,0.03758700000003046,4974,0.5466940000000022,4595,0.10941000000002532,5061,0.9094879999998966,
9576,40,5063,0.03842099999997117,4619,0.6062789999999723,4545,0.11042700000007244,5063,4.430475999999999,
9577,40,4870,0.04419499999994514,4636,0.5582939999999326,4415,0.10592700000006516,4870,3.37041899999997,
9578,40,5232,0.03811299999995299,4900,0.5940140000000156,4695,0.11351199999990058,5232,12.33238300000005,
9579,40,4567,0.03832100000010996,4392,0.47254799999996067,4290,0.09958000000005995,4567,0.6288479999999481,
9580,40,4483,0.04342500000007021,4169,0.44848700000011377,3720,0.08737299999995685,4483,1.2164469999999028,
9581,40,4907,0.03787299999987681,4392,0.514411999999993,4330,0.10851999999999862,4907,4.0668660000000045,
9582,40,5088,0.040164999999888096,5088,0.513590000000022,4625,0.0972430000000486,5088,4.396178000000077,
9583,40,4192,0.05016299999999774,4021,0.4416270000000395,3420,0.08869500000014341,4192,0.543493999999896,
9584,40,5210,0.051921999999990476,4987,0.5608589999999367,4675,0.10911800000008043,5210,0.2401799999998957,
9585,40,4667,0.03786600000000817,4458,0.5390979999999672,4190,0.10924799999997958,4667,0.6576860000000124,
9586,40,4700,0.04453799999998864,4559,0.6033689999999297,4455,0.09612399999980425,4700,16.808684000000085,
9587,40,5043,0.041059000000018386,4732,0.5119649999999183,4330,0.10851899999988746,5043,0.760627999999997,
9588,40,4805,0.03833499999996093,4420,0.5126559999999927,4330,0.10128700000007029,4805,0.5818370000000641,
9589,40,4614,0.03912700000000768,4261,0.4946260000000393,4005,0.10936099999992166,4614,11.85226200000011,
9590,40,5157,0.04563399999994999,4908,0.5334780000000592,4825,0.10644800000000032,5157,0.8832190000000537,
9591,40,4522,0.04111399999999321,4315,0.48802599999999074,4180,0.09752300000002379,4522,4.766205000000127,
9592,40,4366,0.04463999999995849,3882,0.49035300000014104,3730,0.10295300000007046,4366,1.0844509999999445,
9593,40,4994,0.04522000000008575,4538,0.5175289999999677,4380,0.10000500000001011,4994,2.8689540000000306,
9594,40,4215,0.04289600000004157,3722,0.4484540000000834,3455,0.09360000000003765,4215,9.914008999999965,
9595,40,4373,0.039711000000011154,4207,0.4654560000000174,3630,0.09309099999995851,4373,0.9323620000000119,
9596,40,4244,0.038962999999966996,3964,0.4266529999999875,3760,0.08899299999995947,4244,2.143519000000083,
9597,40,4864,0.03758700000003046,4635,0.5171810000000505,4395,0.09625900000003185,4864,0.6702209999999695,
9598,40,4814,0.03784599999994498,4647,0.5304459999998699,4455,0.10826099999985672,4814,5.405974000000015,
9599,40,3884,0.046440999999958876,3764,0.4012680000000728,3465,0.08181200000001354,3884,2.225300999999945,
